label,category,url,original_index,resolved_url,http_status,datetime_utc,fetch_error,path,mimetype,encoding,body_size
15,Institutions|Vie citoyenne,https://vie-publique.fr/loi/20774-loi-confiance-dans-la-vie-politique-moralisation-de-la-vie-publique,0,https://www.vie-publique.fr/loi/20774-loi-confiance-dans-la-vie-politique-moralisation-de-la-vie-publique,200,2026-02-25T09:57:13.139311,,1458908fb4525d4e8e8ad1d0e0e9fcbe.html,text/html,utf-8,103194
17,Économie|Finances publiques,https://vie-publique.fr/loi/297018-fraude-aux-aides-publiques-demarchage-telephonique-loi-du-30-juin-2025,311,https://www.vie-publique.fr/loi/297018-fraude-aux-aides-publiques-demarchage-telephonique-loi-du-30-juin-2025,200,2026-02-25T09:57:14.178960,,9bf26e8309a75b48a12c9830a05fd210.html,text/html,utf-8,107554
17,Logement,https://vie-publique.fr/loi/297575-encadrement-des-loyers-outre-mer-loi-du-13-juin-2025,328,https://www.vie-publique.fr/loi/297575-encadrement-des-loyers-outre-mer-loi-du-13-juin-2025,200,2026-02-25T09:57:15.789494,,4eb9e8789c08b417cc43a624f15853ab.html,text/html,utf-8,96266
16,Sécurité|Justice,https://vie-publique.fr/loi/293529-prevenir-les-ingerences-etrangeres-loi-du-25-juillet-2024,140,https://www.vie-publique.fr/loi/293529-prevenir-les-ingerences-etrangeres-loi-du-25-juillet-2024,200,2026-02-25T09:57:16.575615,,294bae2e40e2e8c0eaf59e34b2d52ae3.html,text/html,utf-8,110856
15,Économie|Finances publiques,https://vie-publique.fr/loi/24181-loi-24-juillet-2019-creation-taxe-sur-les-services-numeriques-taxe-gafa,118,https://www.vie-publique.fr/loi/24181-loi-24-juillet-2019-creation-taxe-sur-les-services-numeriques-taxe-gafa,200,2026-02-25T09:57:17.171127,,3f6195b02c7ae728157c0e6826c4ddcb.html,text/html,utf-8,95532
17,UE|International,https://vie-publique.fr/loi/295987-loi-ddadue-du-30-avril-2025-diverses-dispositions-dadaptation-droit-ue,334,https://www.vie-publique.fr/loi/295987-loi-ddadue-du-30-avril-2025-diverses-dispositions-dadaptation-droit-ue,200,2026-02-25T09:57:17.801470,,2f3025d8e652aaadcc4988fa7eb00fae.html,text/html,utf-8,107712
16,Sécurité|Justice,https://vie-publique.fr/loi/292859-loi-du-13-juin-2024-ordonnance-de-protection-violences-conjugales,138,https://www.vie-publique.fr/loi/292859-loi-du-13-juin-2024-ordonnance-de-protection-violences-conjugales,200,2026-02-25T09:57:19.126982,,5b381e1156b7da9d4f59af399a9a996c.html,text/html,utf-8,106987
16,Santé|Solidarités,https://vie-publique.fr/loi/287916-loi-reforme-des-retraites-2023-plfss-rectificatif,57,https://www.vie-publique.fr/loi/287916-loi-reforme-des-retraites-2023-plfss-rectificatif,200,2026-02-25T09:57:20.568319,,00f61072ce0f30850e4055e55ba14487.html,text/html,utf-8,117006
15,Collectivités locales|Administration|Fonction publique,https://vie-publique.fr/loi/21002-loi-accueil-des-gens-du-voyage-et-la-lutte-contre-les-installations-illi,21,https://www.vie-publique.fr/loi/21002-loi-accueil-des-gens-du-voyage-et-la-lutte-contre-les-installations-illi,200,2026-02-25T09:57:21.713379,,c838c0fec4afcb50121af888c216fce1.html,text/html,utf-8,91350
16,Nouvelles technologies|Culture|Médias,https://vie-publique.fr/loi/288793-loi-influenceurs-proposition-de-loi-delaporte-vojetta,86,https://www.vie-publique.fr/loi/288793-loi-influenceurs-proposition-de-loi-delaporte-vojetta,200,2026-02-25T09:57:22.972018,,e1816f3a59f18822ae1b7cd3c3f696cf.html,text/html,utf-8,107748
15,Santé|Solidarités,https://vie-publique.fr/loi/276423-loi-14-decembre-2020-financement-securite-sociale-2021-plfss-budget-secu,180,https://www.vie-publique.fr/loi/276423-loi-14-decembre-2020-financement-securite-sociale-2021-plfss-budget-secu,200,2026-02-25T09:57:24.423799,,482c9267aa4295272a8fb9cf5e9e1f32.html,text/html,utf-8,102568
16,Sécurité|Justice,https://vie-publique.fr/loi/289259-justice-loi-du-20-novembre-2023-orientation-et-programmation-2023-2027,48,https://www.vie-publique.fr/loi/289259-justice-loi-du-20-novembre-2023-orientation-et-programmation-2023-2027,200,2026-02-25T09:57:24.998123,,972ade8706bf052d82a5f3d6938784f7.html,text/html,utf-8,105996
15,Collectivités locales|Administration|Fonction publique,https://vie-publique.fr/loi/21009-transfert-des-competences-eau-et-assainissement-aux-communautes-de-commu,19,https://www.vie-publique.fr/loi/21009-transfert-des-competences-eau-et-assainissement-aux-communautes-de-commu,200,2026-02-25T09:57:26.668374,,7745b6572d6caa400e7232f61897f05b.html,text/html,utf-8,92434
15,Sécurité|Justice,https://vie-publique.fr/loi/280240-loi-du-14-fevrier-2022-abrogation-de-lois-obsoletes-balai-2,255,https://www.vie-publique.fr/loi/280240-loi-du-14-fevrier-2022-abrogation-de-lois-obsoletes-balai-2,200,2026-02-25T09:57:27.673931,,320382b4d02bb76bb0f794b26b96d02c.html,text/html,utf-8,93701
16,Économie|Finances publiques,https://vie-publique.fr/loi/291613-loi-du-30-novembre-2023-de-finances-de-fin-de-gestion-2023,67,https://www.vie-publique.fr/loi/291613-loi-du-30-novembre-2023-de-finances-de-fin-de-gestion-2023,200,2026-02-25T09:57:29.483079,,f9b0a94352f72ac8fd97cc7a0399494f.html,text/html,utf-8,98186
17,UE|International,https://vie-publique.fr/loi/296373-loi-30-mai-25-accord-centre-developpement-cyber-balkans-occidentaux-c3bo,336,https://www.vie-publique.fr/loi/296373-loi-30-mai-25-accord-centre-developpement-cyber-balkans-occidentaux-c3bo,200,2026-02-25T09:57:31.165416,,69fc0e2e599f3feb3057d2d731f11aa8.html,text/html,utf-8,95671
17,Santé|Solidarités,https://vie-publique.fr/loi/295695-plfss-2025-loi-du-28-fevrier-2025-de-financement-de-la-securite-sociale,303,https://www.vie-publique.fr/loi/295695-plfss-2025-loi-du-28-fevrier-2025-de-financement-de-la-securite-sociale,200,2026-02-25T09:57:31.758507,,f72b53bd971f1d97d279910959b70d93.html,text/html,utf-8,114595
15,Environnement|Énergies|Transports,https://vie-publique.fr/loi/23814-loi-energie-et-climat-du-8-novembre-2019,122,https://www.vie-publique.fr/loi/23814-loi-energie-et-climat-du-8-novembre-2019,200,2026-02-25T09:57:32.778377,,14bd317be5b39f6d4ae0d95ce4853dcf.html,text/html,utf-8,101571
15,Nouvelles technologies|Culture|Médias|Loisirs,https://vie-publique.fr/loi/280269-loi-bibliotheques-developpement-lecture-publique,249,https://www.vie-publique.fr/loi/280269-loi-bibliotheques-developpement-lecture-publique,200,2026-02-25T09:57:33.934119,,ce511bba4d366a408a01dd4b32fe7a8f.html,text/html,utf-8,96277
15,Emploi|Travail,https://vie-publique.fr/loi/21005-don-de-jours-de-repos-non-pris-pour-des-aidants-familiaux,30,https://www.vie-publique.fr/loi/21005-don-de-jours-de-repos-non-pris-pour-des-aidants-familiaux,200,2026-02-25T09:57:35.159582,,6c9f47ae2d330f2955a49b992c96dcd5.html,text/html,utf-8,89938
15,UE|Défense|International,https://vie-publique.fr/loi/20791-loi-13-juillet-2018-programmation-militaire-pour-2019-2025-defense,42,https://www.vie-publique.fr/loi/20791-loi-13-juillet-2018-programmation-militaire-pour-2019-2025-defense,200,2026-02-25T09:57:36.235481,,10625e9c0bb94e62630431de797c8a29.html,text/html,utf-8,101804
15,Santé|Solidarités,https://vie-publique.fr/loi/283068-loi-22-janvier-2022-pass-vaccinal-gestion-de-la-crise-sanitaire,260,https://www.vie-publique.fr/loi/283068-loi-22-janvier-2022-pass-vaccinal-gestion-de-la-crise-sanitaire,200,2026-02-25T09:57:37.416566,,a5514bad501472c9c06a0b0005dac89f.html,text/html,utf-8,110577
15,Santé|Solidarités,https://vie-publique.fr/loi/20805-loi-de-financement-de-la-securite-sociale-pour-2019-lfss-2019,22,https://www.vie-publique.fr/loi/20805-loi-de-financement-de-la-securite-sociale-pour-2019-lfss-2019,200,2026-02-25T09:57:38.704542,,f8449ca1a1bb319a099cb42789566798.html,text/html,utf-8,103913
15,Santé|Solidarités,https://vie-publique.fr/loi/274501-loi-9-juillet-2020-organisant-la-sortie-de-letat-durgence-sanitaire,177,https://www.vie-publique.fr/loi/274501-loi-9-juillet-2020-organisant-la-sortie-de-letat-durgence-sanitaire,200,2026-02-25T09:57:39.751552,,f794025d7d3fd4d02443bacc46594c0a.html,text/html,utf-8,102607
16,Environnement|Énergies|Transports,https://vie-publique.fr/loi/288774-dumping-social-sur-ferries-transmanche-loi-le-gac-26-juillet-2023,78,https://www.vie-publique.fr/loi/288774-dumping-social-sur-ferries-transmanche-loi-le-gac-26-juillet-2023,200,2026-02-25T09:57:40.932363,,cf02accd46be202263f3af13b7169945.html,text/html,utf-8,94234
17,Agriculture,https://vie-publique.fr/loi/293610-agriculture-loi-24-mars-2025-dorientation-souverainete-agricole,321,https://www.vie-publique.fr/loi/293610-agriculture-loi-24-mars-2025-dorientation-souverainete-agricole,200,2026-02-25T09:57:41.675930,,1a1d89821ee4f5f3417ca052ab3cac6e.html,text/html,utf-8,109554
15,Santé|Solidarités,https://vie-publique.fr/loi/281799-loi-de-financement-la-securite-sociale-2022-plfss-budget-secu,225,https://www.vie-publique.fr/loi/281799-loi-de-financement-la-securite-sociale-2022-plfss-budget-secu,200,2026-02-25T09:57:42.296801,,0c7246f8b7947308c8bb5dad199e7d36.html,text/html,utf-8,104816
15,Sécurité|Justice,https://vie-publique.fr/loi/279167-loi-1er-juin-2021-usage-dangereux-du-protoxyde-dazote-gaz-hilarant,205,https://www.vie-publique.fr/loi/279167-loi-1er-juin-2021-usage-dangereux-du-protoxyde-dazote-gaz-hilarant,200,2026-02-25T09:57:43.336022,,479cbfe1af89bc84a66be8564db373db.html,text/html,utf-8,94348
15,Nouvelles technologies – Culture|Médias|Loisirs,https://vie-publique.fr/loi/275500-loi-sur-la-restitution-de-biens-culturels-au-benin-et-du-senegal,196,https://www.vie-publique.fr/loi/275500-loi-sur-la-restitution-de-biens-culturels-au-benin-et-du-senegal,200,2026-02-25T09:57:44.480240,,d1ed0e59001e82316a867fdd5f229d09.html,text/html,utf-8,97709
15,Institutions|Vie citoyenne,https://vie-publique.fr/loi/20789-loi-25-juin-2018-election-des-representants-au-parlement-europeen,11,https://www.vie-publique.fr/loi/20789-loi-25-juin-2018-election-des-representants-au-parlement-europeen,200,2026-02-25T09:57:45.825936,,278d739f03f71a46d69c4e91d6fb00fe.html,text/html,utf-8,95300
15,Économie|Finances publiques,https://vie-publique.fr/loi/277070-loi-30-novembre-2020-finances-rectificative-2020-4e-budget-rectificatif,185,https://www.vie-publique.fr/loi/277070-loi-30-novembre-2020-finances-rectificative-2020-4e-budget-rectificatif,200,2026-02-25T09:57:47.154892,,e6c8c37fcfcac5b13bae210a4dc0004d.html,text/html,utf-8,99331
15,Économie|Finances publiques,https://vie-publique.fr/loi/281793-loi-besson-moreau-18-octobre-2021-remuneration-des-agriculteurs-egalim-2,227,https://www.vie-publique.fr/loi/281793-loi-besson-moreau-18-octobre-2021-remuneration-des-agriculteurs-egalim-2,200,2026-02-25T09:57:48.313131,,f11b9ff6301c6e3b136cbc32843bb152.html,text/html,utf-8,101643
15,Sécurité|Justice,https://vie-publique.fr/loi/21036-loi-10-avril-2019-ordre-public-manifestations,104,https://www.vie-publique.fr/loi/21036-loi-10-avril-2019-ordre-public-manifestations,200,2026-02-25T09:57:49.448908,,9992c6a7199c2351924202fb82657424.html,text/html,utf-8,95036
17,Élections|Vie citoyenne,https://vie-publique.fr/loi/283622-petites-communes-parite-scrutin-elections-municipales-loi-21-mai-2025,277,https://www.vie-publique.fr/loi/283622-petites-communes-parite-scrutin-elections-municipales-loi-21-mai-2025,200,2026-02-25T09:57:50.114159,,4f326c32dd88480060c275a64c369684.html,text/html,utf-8,108879
16,UE|International,https://vie-publique.fr/loi/291850-loi-du-22-avril-2024-diverses-dispositions-dadaptation-droit-ue-ddadue,159,https://www.vie-publique.fr/loi/291850-loi-du-22-avril-2024-diverses-dispositions-dadaptation-droit-ue-ddadue,200,2026-02-25T09:57:51.855308,,0d8c7e1e50d76e0293b53e89b79a7f5c.html,text/html,utf-8,107062
16,Santé|Solidarités,https://vie-publique.fr/loi/285591-loi-sanitaire-du-30-juillet-2022-fin-des-regimes-dexception,99,https://www.vie-publique.fr/loi/285591-loi-sanitaire-du-30-juillet-2022-fin-des-regimes-dexception,200,2026-02-25T09:57:52.446589,,dd65178fa2d96aaf4f2430ad4961cac5.html,text/html,utf-8,104592
15,Santé|Solidarités,https://vie-publique.fr/loi/269315-prise-en-charge-des-cancers-pediatriques,112,https://www.vie-publique.fr/loi/269315-prise-en-charge-des-cancers-pediatriques,200,2026-02-25T09:57:53.581023,,033278c083c2b30340933176e1f38807.html,text/html,utf-8,90014
16,Éducation|Recherche,https://vie-publique.fr/loi/288932-loi-13-avril-2023-precarite-etudiante-restauration-tarif-modere,84,https://www.vie-publique.fr/loi/288932-loi-13-avril-2023-precarite-etudiante-restauration-tarif-modere,200,2026-02-25T09:57:54.767198,,287487a7e2a042dbf904828f80a14781.html,text/html,utf-8,92646
17,Sécurité|Justice,https://vie-publique.fr/loi/297360-justice-penale-des-mineurs-loi-attal-du-23-juin-2025,285,https://www.vie-publique.fr/loi/297360-justice-penale-des-mineurs-loi-attal-du-23-juin-2025,200,2026-02-25T09:57:55.263288,,77a8f02f72a95bdf57a927a672dd2879.html,text/html,utf-8,104445
15,Institutions|Vie citoyenne,https://vie-publique.fr/loi/277240-loi-organique-delais-elections-legislatives-et-senatoriales-partielles,165,https://www.vie-publique.fr/loi/277240-loi-organique-delais-elections-legislatives-et-senatoriales-partielles,200,2026-02-25T09:57:55.917163,,7e69cba93b3d767cc74a9488d715554e.html,text/html,utf-8,99122
15,Santé|Solidarités,https://vie-publique.fr/loi/274394-lois-7-aout-2020-dette-sociale-et-autonomie-5e-risque-dependance,178,https://www.vie-publique.fr/loi/274394-lois-7-aout-2020-dette-sociale-et-autonomie-5e-risque-dependance,200,2026-02-25T09:57:56.612763,,e8d62c017caf42fada0dc0ab6d5012a5.html,text/html,utf-8,99682
15,Santé|Solidarités,https://vie-publique.fr/loi/282605-loi-24-janvier-2022-plateforme-malades-covid-long,261,https://www.vie-publique.fr/loi/282605-loi-24-janvier-2022-plateforme-malades-covid-long,200,2026-02-25T09:57:58.387728,,363be11b1ebed33dd5f9438a3c13aa34.html,text/html,utf-8,94351
15,Santé|Solidarités,https://vie-publique.fr/loi/278070-loi-15-fevrier-2021-prolongation-etat-durgence-sanitaire-juin-2021,216,https://www.vie-publique.fr/loi/278070-loi-15-fevrier-2021-prolongation-etat-durgence-sanitaire-juin-2021,200,2026-02-25T09:57:59.626140,,f3df85de354d3c2062ec54752cbf0c45.html,text/html,utf-8,98935
17,Sécurité|Justice,https://vie-publique.fr/loi/297235-droit-du-sol-mayotte-loi-du-12-mai-2025-acces-la-nationalite-francaise,282,https://www.vie-publique.fr/loi/297235-droit-du-sol-mayotte-loi-du-12-mai-2025-acces-la-nationalite-francaise,200,2026-02-25T09:58:00.402118,,59435e203b24bac4d6f7c03184f2439e.html,text/html,utf-8,103518
16,Logement,https://vie-publique.fr/loi/292388-renovation-habitat-indigne-coproprietes-degradees-loi-du-9-avril-2024,152,https://www.vie-publique.fr/loi/292388-renovation-habitat-indigne-coproprietes-degradees-loi-du-9-avril-2024,200,2026-02-25T09:58:01.659895,,4b53396612d1aaf376b0ed2ba0124d1e.html,text/html,utf-8,105622
15,Environnement|Énergies|Transports,https://vie-publique.fr/loi/268681-loi-10-fevrier-2020-lutte-contre-le-gaspillage-et-economie-circulaire,191,https://www.vie-publique.fr/loi/268681-loi-10-fevrier-2020-lutte-contre-le-gaspillage-et-economie-circulaire,200,2026-02-25T09:58:02.723120,,abdb13dcef8fc0d72ba9659335d7dd4e.html,text/html,utf-8,105938
17,Élections|Vie citoyenne,https://vie-publique.fr/loi/293284-statut-de-lelu-local-et-des-maires-loi-gatel-du-22-decembre-2025,281,https://www.vie-publique.fr/loi/293284-statut-de-lelu-local-et-des-maires-loi-gatel-du-22-decembre-2025,200,2026-02-25T09:58:03.431395,,e5e7550a56f01db619b019c6c8ad7481.html,text/html,utf-8,109039
15,Territoires|Logement,https://vie-publique.fr/loi/278001-loi-sur-les-langues-regionales-loi-molac,243,https://www.vie-publique.fr/loi/278001-loi-sur-les-langues-regionales-loi-molac,200,2026-02-25T09:58:04.255148,,ed32f2e0306b12e214352319ea3c43f7.html,text/html,utf-8,97344
15,Économie|Finances publiques,https://vie-publique.fr/loi/20812-loi-24-decembre-2018-gilets-jaunes-mesures-economiques-et-sociales,28,https://www.vie-publique.fr/loi/20812-loi-24-decembre-2018-gilets-jaunes-mesures-economiques-et-sociales,200,2026-02-25T09:58:04.984337,,1d0d7cad01c69e716db823d421dca515.html,text/html,utf-8,94175
16,Environnement|Énergies|Transports,https://vie-publique.fr/loi/288912-incendies-feux-de-forets-prevention-et-lutte-loi-du-10-juillet-2023,77,https://www.vie-publique.fr/loi/288912-incendies-feux-de-forets-prevention-et-lutte-loi-du-10-juillet-2023,200,2026-02-25T09:58:05.984450,,d1679c0bb06eea25a5af78f47070e8b0.html,text/html,utf-8,110059
15,Environnement|Énergies|Transports,https://vie-publique.fr/loi/20778-loi-30-decembre-2017-fin-recherche-et-exploitation-hydrocarbures-energie,9,https://www.vie-publique.fr/loi/20778-loi-30-decembre-2017-fin-recherche-et-exploitation-hydrocarbures-energie,200,2026-02-25T09:58:07.191420,,ab3c3726e13a143dc205955674b82198.html,text/html,utf-8,97269
15,Emploi|Travail,https://vie-publique.fr/loi/20799-loi-5-septembre-2018-pour-la-liberte-de-choisir-son-avenir-professionnel,32,https://www.vie-publique.fr/loi/20799-loi-5-septembre-2018-pour-la-liberte-de-choisir-son-avenir-professionnel,200,2026-02-25T09:58:08.319981,,239aaf55d90d3048288db9b0a5dba2ba.html,text/html,utf-8,99444
16,Santé|Solidarités,https://vie-publique.fr/loi/288561-fausses-couches-accompagner-les-femmes-victimes-loi-7-juillet-2023,60,https://www.vie-publique.fr/loi/288561-fausses-couches-accompagner-les-femmes-victimes-loi-7-juillet-2023,200,2026-02-25T09:58:09.340067,,299369b4b327fef7dd8c37b3d3ebb567.html,text/html,utf-8,92912
15,Économie|Finances publiques,https://vie-publique.fr/loi/276378-loi-29-decembre-2020-de-finances-pour-2021-budget-2021-relance,187,https://www.vie-publique.fr/loi/276378-loi-29-decembre-2020-de-finances-pour-2021-budget-2021-relance,200,2026-02-25T09:58:09.879295,,005cabcfdd89813074a0c1842515af93.html,text/html,utf-8,103681
15,Santé|Solidarités,https://vie-publique.fr/loi/277500-loi-du-21-fevrier-2022-visant-reformer-ladoption,263,https://www.vie-publique.fr/loi/277500-loi-du-21-fevrier-2022-visant-reformer-ladoption,200,2026-02-25T09:58:10.432663,,870cd40784fb84c4ffab5884912f73b1.html,text/html,utf-8,100750
15,Institutions|Vie citoyenne,https://vie-publique.fr/loi/277829-loi-report-elections-regionales-departementales-juin-2021,198,https://www.vie-publique.fr/loi/277829-loi-report-elections-regionales-departementales-juin-2021,200,2026-02-25T09:58:11.612455,,7ae4db6077dce1d0305535fec93809c4.html,text/html,utf-8,100989
17,Élections|Vie citoyenne,https://vie-publique.fr/loi/298090-loi-reforme-plm-mode-de-scrutin-municipales-paris-lyon-marseille,280,https://www.vie-publique.fr/loi/298090-loi-reforme-plm-mode-de-scrutin-municipales-paris-lyon-marseille,200,2026-02-25T09:58:12.354778,,7b762471f5dc7d1273c0e2b2b5b4a206.html,text/html,utf-8,103462
17,Santé|Solidarités,https://vie-publique.fr/loi/289931-creation-dun-registre-national-des-cancers-loi-du-30-juin-2025,306,https://www.vie-publique.fr/loi/289931-creation-dun-registre-national-des-cancers-loi-du-30-juin-2025,200,2026-02-25T09:58:13.013183,,836dcfec6647cf430935606bcae4bbe9.html,text/html,utf-8,92339
15,Sécurité|Justice,https://vie-publique.fr/loi/277443-loi-8-avril-2021-justice-de-proximite-et-reponse-penale,201,https://www.vie-publique.fr/loi/277443-loi-8-avril-2021-justice-de-proximite-et-reponse-penale,200,2026-02-25T09:58:13.858998,,bcf3efb5a2512b2627891a970ff2121d.html,text/html,utf-8,99108
15,Nouvelles technologies – Culture|Médias|Loisirs,https://vie-publique.fr/loi/21026-loi-manipulation-de-linformation-loi-fake-news,41,https://www.vie-publique.fr/loi/21026-loi-manipulation-de-linformation-loi-fake-news,200,2026-02-25T09:58:14.432953,,e40f60643f49e50d224087a836d0d686.html,text/html,utf-8,94786
15,Sécurité|Justice,https://vie-publique.fr/loi/20776-prorogation-de-letat-durgence-du-15-juillet-au-1er-novembre-2017,1,https://www.vie-publique.fr/loi/20776-prorogation-de-letat-durgence-du-15-juillet-au-1er-novembre-2017,200,2026-02-25T09:58:15.482454,,bb6fa563b82fd971a1e437adf454a10d.html,text/html,utf-8,92584
15,Nouvelles technologies – Culture|Médias|Loisirs,https://vie-publique.fr/loi/20785-loi-du-26-mars-2018-organisation-jeux-olympiques-et-paralympiques-2024,39,https://www.vie-publique.fr/loi/20785-loi-du-26-mars-2018-organisation-jeux-olympiques-et-paralympiques-2024,200,2026-02-25T09:58:16.651879,,3b44296d91c1c09497519302f5318a51.html,text/html,utf-8,95330
16,Environnement|Énergies|Transports,https://vie-publique.fr/loi/292470-loi-21-mai-2024-surete-nucleaire-fusion-asn-et-irsn,151,https://www.vie-publique.fr/loi/292470-loi-21-mai-2024-surete-nucleaire-fusion-asn-et-irsn,200,2026-02-25T09:58:17.228483,,cd44b3605fe945ccddeeb4124176a436.html,text/html,utf-8,110323
15,Santé|Solidarités,https://vie-publique.fr/loi/268659-loi-2-aout-2021-bioethique-pma,220,https://www.vie-publique.fr/loi/268659-loi-2-aout-2021-bioethique-pma,200,2026-02-25T09:58:17.829342,,f8658d2a7321c979bc34c0ff41a1b5f4.html,text/html,utf-8,114653
15,Économie|Finances publiques,https://vie-publique.fr/loi/282699-loi-2-mars-2022-reforme-du-regime-de-lassurance-recolte-en-agriculture,268,https://www.vie-publique.fr/loi/282699-loi-2-mars-2022-reforme-du-regime-de-lassurance-recolte-en-agriculture,200,2026-02-25T09:58:18.341601,,7230557ccc1a29abcc58e0d6c871a464.html,text/html,utf-8,107572
15,Institutions|Vie citoyenne,https://vie-publique.fr/loi/274393-loi-organique-report-election-six-senateurs-francais-de-letranger,161,https://www.vie-publique.fr/loi/274393-loi-organique-report-election-six-senateurs-francais-de-letranger,200,2026-02-25T09:58:19.506387,,ff68691780aade78773be187503051e3.html,text/html,utf-8,96458
15,Nouvelles technologies|Culture|Médias|Loisirs,https://vie-publique.fr/loi/268690-creation-droit-voisin-pour-agences-de-presse-et-des-editeurs-de-presse,127,https://www.vie-publique.fr/loi/268690-creation-droit-voisin-pour-agences-de-presse-et-des-editeurs-de-presse,200,2026-02-25T09:58:20.063577,,6d7275e25bd15fcdb55318fd3d3f5063.html,text/html,utf-8,90921
15,Sécurité|Justice,https://vie-publique.fr/loi/20775-loi-securite-interieure-et-lutte-contre-le-terrorisme-loi-silt,2,https://www.vie-publique.fr/loi/20775-loi-securite-interieure-et-lutte-contre-le-terrorisme-loi-silt,200,2026-02-25T09:58:20.655193,,72cd74cc80982ffe701dee71398ce6fb.html,text/html,utf-8,102363
16,Environnement|Énergies|Transports,https://vie-publique.fr/loi/292416-reemploi-des-voitures-usagees-pour-les-plus-precaires-loi-5-avril-2024,149,https://www.vie-publique.fr/loi/292416-reemploi-des-voitures-usagees-pour-les-plus-precaires-loi-5-avril-2024,200,2026-02-25T09:58:21.754048,,40d49e6f7675d9c2e7c9fe5afab8273b.html,text/html,utf-8,95272
15,Éducation|Recherche,https://vie-publique.fr/loi/21011-regime-douverture-et-de-controle-des-etablissements-prives-hors-contrat,37,https://www.vie-publique.fr/loi/21011-regime-douverture-et-de-controle-des-etablissements-prives-hors-contrat,200,2026-02-25T09:58:22.759339,,c335ba07738b2edde5c75ef9be4c0e1c.html,text/html,utf-8,93203
17,Santé|Solidarités,https://vie-publique.fr/loi/295787-maladie-de-charcot-loi-du-17-fevrier-2025-acces-la-pch,301,https://www.vie-publique.fr/loi/295787-maladie-de-charcot-loi-du-17-fevrier-2025-acces-la-pch,200,2026-02-25T09:58:23.322569,,2d1609c20d8977ddf11fd35280cbe8c0.html,text/html,utf-8,96536
15,Économie|Finances publiques,https://vie-publique.fr/loi/278329-loi-28-fevrier-2022-acces-experts-forestiers-aux-donnees-cadastrales,267,https://www.vie-publique.fr/loi/278329-loi-28-fevrier-2022-acces-experts-forestiers-aux-donnees-cadastrales,200,2026-02-25T09:58:24.380955,,6abf1dbb08f96227366d242a3ee9f962.html,text/html,utf-8,91711
17,UE|International,https://vie-publique.fr/loi/293854-loi-25-mars-2025-accords-espace-aerien-commun-ue-ukraine-et-armenie,333,https://www.vie-publique.fr/loi/293854-loi-25-mars-2025-accords-espace-aerien-commun-ue-ukraine-et-armenie,200,2026-02-25T09:58:25.471791,,b8ed0517c7c9e45ab21dc2ebf33abf12.html,text/html,utf-8,95032
17,Collectivités locales|Fonction publique,https://vie-publique.fr/loi/297407-prolongation-concours-externes-talents-fonctionnaire-loi-24-mars-2025,292,https://www.vie-publique.fr/loi/297407-prolongation-concours-externes-talents-fonctionnaire-loi-24-mars-2025,200,2026-02-25T09:58:26.677353,,0855e0d56735953adc9b5383f9ce834d.html,text/html,utf-8,94944
16,Éducation|Recherche,https://vie-publique.fr/loi/289362-loi-erasmus-de-lapprentissage-mobilite-des-alternants,85,https://www.vie-publique.fr/loi/289362-loi-erasmus-de-lapprentissage-mobilite-des-alternants,200,2026-02-25T09:58:27.258621,,4bbb02e96f41c40cb9afb083c47e06c9.html,text/html,utf-8,91584
15,Économie|Finances publiques,https://vie-publique.fr/loi/280161-loi-de-finances-rectificative-pour-2021-promulguee-le-19-juillet-2021,226,https://www.vie-publique.fr/loi/280161-loi-de-finances-rectificative-pour-2021-promulguee-le-19-juillet-2021,200,2026-02-25T09:58:28.340094,,263e4c6ca7e7270601a1fc41eb5d581b.html,text/html,utf-8,98036
17,Santé|Solidarités,https://vie-publique.fr/loi/292058-interdiction-puffs-cigarette-electronique-jetable-loi-du-24-fevrier-2025,302,https://www.vie-publique.fr/loi/292058-interdiction-puffs-cigarette-electronique-jetable-loi-du-24-fevrier-2025,200,2026-02-25T09:58:28.937441,,5509e8e8e962d29a375392325656b2ce.html,text/html,utf-8,95638
17,Logement,https://vie-publique.fr/loi/292874-faciliter-transformation-de-bureaux-en-logements-loi-du-16-juin-2025,329,https://www.vie-publique.fr/loi/292874-faciliter-transformation-de-bureaux-en-logements-loi-du-16-juin-2025,200,2026-02-25T09:58:29.621561,,74c62757e5dac919bab6cb045c364cc6.html,text/html,utf-8,96401
16,Économie|Finances publiques,https://vie-publique.fr/loi/287878-grande-distribution-relation-fournisseurs-loi-descrozaille-30-mars-2023,64,https://www.vie-publique.fr/loi/287878-grande-distribution-relation-fournisseurs-loi-descrozaille-30-mars-2023,200,2026-02-25T09:58:30.137622,,cdbd0023b87e7ee5b149363ca566c08b.html,text/html,utf-8,100133
16,Institutions|Vie citoyenne,https://vie-publique.fr/loi/287464-deroulement-des-elections-senatoriales-loi-2-fevrier-2023,43,https://www.vie-publique.fr/loi/287464-deroulement-des-elections-senatoriales-loi-2-fevrier-2023,200,2026-02-25T09:58:31.245385,,efcc851b7f22dd41ade29dac662af150.html,text/html,utf-8,95460
15,Institutions|Vie citoyenne,https://vie-publique.fr/loi/20998-modalites-de-depot-de-candidature-aux-elections,10,https://www.vie-publique.fr/loi/20998-modalites-de-depot-de-candidature-aux-elections,200,2026-02-25T09:58:32.416578,,971fb19d70d21023dbf76de79bbbeca6.html,text/html,utf-8,86930
15,Éducation|Recherche,https://vie-publique.fr/loi/21019-encadrement-de-lutilisation-du-telephone-portable-dans-les-ecoles-et-le,38,https://www.vie-publique.fr/loi/21019-encadrement-de-lutilisation-du-telephone-portable-dans-les-ecoles-et-le,200,2026-02-25T09:58:33.646054,,baf6ceb043f374f35b6b75ae2616f602.html,text/html,utf-8,91170
17,Collectivités locales|Fonction publique,https://vie-publique.fr/loi/298361-loi-du-15-juillet-2025-etablissement-public-commerce-et-industrie-corse,295,https://www.vie-publique.fr/loi/298361-loi-du-15-juillet-2025-etablissement-public-commerce-et-industrie-corse,200,2026-02-25T09:58:34.190369,,be148e434eeb8ae0bd2415f29df6f328.html,text/html,utf-8,98348
15,Sécurité|Justice,https://vie-publique.fr/loi/281790-loi-interdisant-les-therapies-de-conversion-lgbt,254,https://www.vie-publique.fr/loi/281790-loi-interdisant-les-therapies-de-conversion-lgbt,200,2026-02-25T09:58:35.287493,,ff71a1c6e151802f69668f8bf684ccaa.html,text/html,utf-8,100651
15,Sécurité|Justice,https://vie-publique.fr/loi/269313-loi-programmation-2018-2022-et-reforme-pour-la-justice,103,https://www.vie-publique.fr/loi/269313-loi-programmation-2018-2022-et-reforme-pour-la-justice,200,2026-02-25T09:58:36.485590,,a58b690ed79ba122684c7801b67f229e.html,text/html,utf-8,106527
16,Santé|Solidarités,https://vie-publique.fr/loi/287426-retraite-agriculteurs-25-meilleures-annees-loi-13-fevrier-2023,56,https://www.vie-publique.fr/loi/287426-retraite-agriculteurs-25-meilleures-annees-loi-13-fevrier-2023,200,2026-02-25T09:58:37.723018,,4e1882d0b7e8da6ff6d59c95a8232754.html,text/html,utf-8,99083
15,Territoires|Logement,https://vie-publique.fr/loi/282601-loi-28-fevrier-2022-lemoine-assurance-emprunteur-credit-immobilier,269,https://www.vie-publique.fr/loi/282601-loi-28-fevrier-2022-lemoine-assurance-emprunteur-credit-immobilier,200,2026-02-25T09:58:38.327665,,a78f7c7714faf35bf87245c7d729fafc.html,text/html,utf-8,98685
15,Nouvelles technologies|Culture|Médias|Loisirs,https://vie-publique.fr/loi/283359-loi-studer-2-mars-2022-controle-parental-sur-internet-par-defaut,273,https://www.vie-publique.fr/loi/283359-loi-studer-2-mars-2022-controle-parental-sur-internet-par-defaut,200,2026-02-25T09:58:39.770865,,942c6b44435f912d0d1aaafc88435229.html,text/html,utf-8,102394
16,Emploi|Travail,https://vie-publique.fr/loi/286642-loi-fraude-cpf-compte-personnel-de-formation,97,https://www.vie-publique.fr/loi/286642-loi-fraude-cpf-compte-personnel-de-formation,200,2026-02-25T09:58:40.778599,,c94f5dd4e11d0a9a955f830ef2c0df2f.html,text/html,utf-8,94853
16,Sécurité|Justice,https://vie-publique.fr/loi/286851-aide-durgence-victimes-violences-conjugales-loi-du-28-fevrier-2023,45,https://www.vie-publique.fr/loi/286851-aide-durgence-victimes-violences-conjugales-loi-du-28-fevrier-2023,200,2026-02-25T09:58:41.820190,,19be6f6d32e4f36fd85daaed734a1169.html,text/html,utf-8,98032
15,Santé|Solidarités,https://vie-publique.fr/loi/280423-loi-17-dec-2021-chassaigne-revalorisation-petites-retraites-agricoles,224,https://www.vie-publique.fr/loi/280423-loi-17-dec-2021-chassaigne-revalorisation-petites-retraites-agricoles,200,2026-02-25T09:58:42.300513,,e4738e1f2820124776cec57c8d9d9509.html,text/html,utf-8,99349
15,Sécurité|Justice,https://vie-publique.fr/loi/274747-loi-prorogation-mesures-lutte-contre-terrorisme-code-securite-interieure,169,https://www.vie-publique.fr/loi/274747-loi-prorogation-mesures-lutte-contre-terrorisme-code-securite-interieure,200,2026-02-25T09:58:43.552647,,3b09702e5abb1cdbe6ab78ef86ad2809.html,text/html,utf-8,96611
15,Sécurité|Justice,https://vie-publique.fr/loi/269368-loi-11-decembre-2019-lisibilite-droit-par-abrogation-lois-obsoletes,105,https://www.vie-publique.fr/loi/269368-loi-11-decembre-2019-lisibilite-droit-par-abrogation-lois-obsoletes,200,2026-02-25T09:58:44.677029,,3225b02d6179a8a5d45edbc7f67ccd19.html,text/html,utf-8,89857
16,Emploi|Travail,https://vie-publique.fr/loi/291954-loi-prolongation-tickets-restaurant-pour-des-courses-alimentaires,72,https://www.vie-publique.fr/loi/291954-loi-prolongation-tickets-restaurant-pour-des-courses-alimentaires,200,2026-02-25T09:58:45.792964,,819e958eecec77c7ecb13b49a3645eb0.html,text/html,utf-8,97672
16,Sécurité|Justice,https://vie-publique.fr/loi/287639-jo-2024-loi-du-19-mai-2023-jeux-olympiques-et-paralympiques,46,https://www.vie-publique.fr/loi/287639-jo-2024-loi-du-19-mai-2023-jeux-olympiques-et-paralympiques,200,2026-02-25T09:58:46.383964,,80e2b62d3754940a6b0608030712bec9.html,text/html,utf-8,104474
16,Sécurité|Justice,https://vie-publique.fr/loi/289020-loi-18-juillet-2023-douane-moyens-faire-face-aux-nouvelles-menaces,47,https://www.vie-publique.fr/loi/289020-loi-18-juillet-2023-douane-moyens-faire-face-aux-nouvelles-menaces,200,2026-02-25T09:58:47.970304,,f5fb3560e3844fd0ff855e1a39f7e542.html,text/html,utf-8,102707
15,Économie|Finances publiques,https://vie-publique.fr/loi/274104-2e-loi-de-finances-rectificative-2020-budget-de-crise-covid-19,182,https://www.vie-publique.fr/loi/274104-2e-loi-de-finances-rectificative-2020-budget-de-crise-covid-19,200,2026-02-25T09:58:49.136903,,48fb29d79a54cd1cc1b11f136b142be0.html,text/html,utf-8,103717
15,Environnement|Énergies|Transports,https://vie-publique.fr/loi/278460-loi-22-aout-2021-climat-et-resilience-convention-citoyenne-climat,237,https://www.vie-publique.fr/loi/278460-loi-22-aout-2021-climat-et-resilience-convention-citoyenne-climat,200,2026-02-25T09:58:50.081782,,bb1c3d7e6beba2241523ac3853a0835d.html,text/html,utf-8,111618
15,Économie|Finances publiques,https://vie-publique.fr/loi/280062-loi-mesures-durgence-acces-au-foncier-agricole,230,https://www.vie-publique.fr/loi/280062-loi-mesures-durgence-acces-au-foncier-agricole,200,2026-02-25T09:58:51.226583,,ab669efef25af5d321e7b49321d50870.html,text/html,utf-8,97723
15,Emploi|Travail,https://vie-publique.fr/loi/278858-parite-loi-rixain-24-dec-2021-egalite-professionnelle-femmes-hommes,236,https://www.vie-publique.fr/loi/278858-parite-loi-rixain-24-dec-2021-egalite-professionnelle-femmes-hommes,200,2026-02-25T09:58:52.114184,,cf8925ec90f596b84d82e73b309c3fd3.html,text/html,utf-8,101611
15,Sécurité|Justice,https://vie-publique.fr/loi/280291-loi-du-6-decembre-2021-visant-nommer-les-enfants-nes-sans-vie,209,https://www.vie-publique.fr/loi/280291-loi-du-6-decembre-2021-visant-nommer-les-enfants-nes-sans-vie,200,2026-02-25T09:58:52.729347,,82c1a15e241b18386ebecfb7c8afa4f3.html,text/html,utf-8,93119
17,Santé|Solidarités,https://vie-publique.fr/loi/292250-loi-neuder-numerus-apertus-etudes-de-medecine-27-juin-2025,304,https://www.vie-publique.fr/loi/292250-loi-neuder-numerus-apertus-etudes-de-medecine-27-juin-2025,200,2026-02-25T09:58:53.864603,,80d505358392e0b9611d1a73ea091734.html,text/html,utf-8,99573
17,Sécurité|Justice,https://vie-publique.fr/loi/297804-retention-administrative-etrangers-condamnes-oqtf-loi-11-aout-2025,287,https://www.vie-publique.fr/loi/297804-retention-administrative-etrangers-condamnes-oqtf-loi-11-aout-2025,200,2026-02-25T09:58:55.024493,,620048d9f8bdf2849e17df8bd167150b.html,text/html,utf-8,105496
15,Nouvelles technologies|Culture|Médias|Loisirs,https://vie-publique.fr/loi/22001-loi-29-juillet-2019-restauration-cathedrale-notre-dame-de-paris,128,https://www.vie-publique.fr/loi/22001-loi-29-juillet-2019-restauration-cathedrale-notre-dame-de-paris,200,2026-02-25T09:58:56.257141,,bca2893c917cdf1ffb15d1090ba0daa1.html,text/html,utf-8,95761
15,Sécurité|Justice,https://vie-publique.fr/loi/277708-loi-26-fevrier-2021-ratifiant-ordonnance-code-justice-penale-mineurs,200,https://www.vie-publique.fr/loi/277708-loi-26-fevrier-2021-ratifiant-ordonnance-code-justice-penale-mineurs,200,2026-02-25T09:58:57.706921,,1ca446cf44e7d5c2101003cb946c132f.html,text/html,utf-8,94565
15,Sécurité|Justice,https://vie-publique.fr/loi/20794-loi-schiappa-3-aout-2018-lutte-contre-atteintes-sexuelles-et-sexistes,16,https://www.vie-publique.fr/loi/20794-loi-schiappa-3-aout-2018-lutte-contre-atteintes-sexuelles-et-sexistes,200,2026-02-25T09:58:58.896211,,19ff6351bf5d414466d311a83fb56bf8.html,text/html,utf-8,95746
15,Économie|Finances publiques,https://vie-publique.fr/loi/273946-loi-de-finances-rectificative-pour-2020-budget-rectificatif-covid-19,181,https://www.vie-publique.fr/loi/273946-loi-de-finances-rectificative-pour-2020-budget-rectificatif-covid-19,200,2026-02-25T09:58:59.982394,,fc3ec7469790c862c289b6d95dc60d24.html,text/html,utf-8,96518
15,Santé|Solidarités,https://vie-publique.fr/loi/274274-loi-diverses-dispositions-urgentes-pour-consequences-du-covid-19,175,https://www.vie-publique.fr/loi/274274-loi-diverses-dispositions-urgentes-pour-consequences-du-covid-19,200,2026-02-25T09:59:01.482097,,ebf46e613aad75e3010b0c89ec941ee6.html,text/html,utf-8,104432
15,Sécurité|Justice,https://vie-publique.fr/loi/277157-loi-pour-une-securite-globale-preservant-les-libertes,204,https://www.vie-publique.fr/loi/277157-loi-pour-une-securite-globale-preservant-les-libertes,200,2026-02-25T09:59:02.079679,,2febfd34c7a82145819c841a652e199c.html,text/html,utf-8,106135
17,Collectivités locales|Fonction publique,https://vie-publique.fr/loi/300393-loi-report-elections-provinciales-nouvelle-caledonie-6-novembre-2025,297,https://www.vie-publique.fr/loi/300393-loi-report-elections-provinciales-nouvelle-caledonie-6-novembre-2025,200,2026-02-25T09:59:03.234212,,7a254b14953550ff47b2f89efd72116c.html,text/html,utf-8,103174
15,Sécurité|Justice,https://vie-publique.fr/loi/282472-loi-21-mars-2022-waserman-protection-des-lanceurs-dalerte,257,https://www.vie-publique.fr/loi/282472-loi-21-mars-2022-waserman-protection-des-lanceurs-dalerte,200,2026-02-25T09:59:03.756381,,c2ca862e3efd33c7b454a86509c7500a.html,text/html,utf-8,106505
17,Travail,https://vie-publique.fr/loi/298484-loi-du-24-oct-2025-transposition-ani-emploi-des-seniors-dialogue-social,318,https://www.vie-publique.fr/loi/298484-loi-du-24-oct-2025-transposition-ani-emploi-des-seniors-dialogue-social,200,2026-02-25T09:59:05.134259,,b9503b8ce8077e2ac1573193b1e54138.html,text/html,utf-8,104970
15,Collectivités locales|Administration|Fonction publique,https://vie-publique.fr/loi/275530-loi-19-avril-2021-experimentations-locales-differenciation-territoriale,212,https://www.vie-publique.fr/loi/275530-loi-19-avril-2021-experimentations-locales-differenciation-territoriale,200,2026-02-25T09:59:06.037729,,ec12db247ca000215e7a09c3c10da486.html,text/html,utf-8,98651
16,Environnement|Énergies|Transports,https://vie-publique.fr/loi/288758-faciliter-le-permis-de-conduire-loi-houlie-du-21-juin-2023,75,https://www.vie-publique.fr/loi/288758-faciliter-le-permis-de-conduire-loi-houlie-du-21-juin-2023,200,2026-02-25T09:59:07.725470,,fe2541cc3bab370091f7358fe46de310.html,text/html,utf-8,95099
15,Collectivités locales|Administration|Fonction publique,https://vie-publique.fr/loi/279815-loi-3ds-decentralisation-deconcentration-collectivites-locales,259,https://www.vie-publique.fr/loi/279815-loi-3ds-decentralisation-deconcentration-collectivites-locales,200,2026-02-25T09:59:08.756464,,b1d8e4108fde0ab3bc7a2b5a69c4e815.html,text/html,utf-8,111395
16,Emploi|Travail,https://vie-publique.fr/loi/289715-loi-plein-emploi-france-travail-rsa-handicap-du-18-decembre-2023,71,https://www.vie-publique.fr/loi/289715-loi-plein-emploi-france-travail-rsa-handicap-du-18-decembre-2023,200,2026-02-25T09:59:09.590211,,9c780673cf1dd778a9295e90cba88820.html,text/html,utf-8,106322
15,Éducation|Recherche,https://vie-publique.fr/loi/20786-loi-8-mars-2018-ore-orientation-et-reussite-des-etudiants-parcoursup,36,https://www.vie-publique.fr/loi/20786-loi-8-mars-2018-ore-orientation-et-reussite-des-etudiants-parcoursup,200,2026-02-25T09:59:10.766034,,063d296c4e723005b573d4d94db11c10.html,text/html,utf-8,100485
17,Économie|Finances publiques,https://vie-publique.fr/loi/300852-loi-du-8-decembre-2025-de-finances-de-fin-de-gestion-pour-2025,314,https://www.vie-publique.fr/loi/300852-loi-du-8-decembre-2025-de-finances-de-fin-de-gestion-pour-2025,200,2026-02-25T09:59:11.310905,,cb22c9d00cac1aa5b2b1f79740e0acc1.html,text/html,utf-8,100708
15,Sécurité|Justice,https://vie-publique.fr/loi/280828-loi-24-janvier-2022-responsabilite-penale-et-securite-interieure,253,https://www.vie-publique.fr/loi/280828-loi-24-janvier-2022-responsabilite-penale-et-securite-interieure,200,2026-02-25T09:59:12.545912,,0a7d57b4c023641a4d17106634703ead.html,text/html,utf-8,106195
17,Travail,https://vie-publique.fr/loi/296230-loi-du-21-janvier-2025-derogation-tickets-restaurant,316,https://www.vie-publique.fr/loi/296230-loi-du-21-janvier-2025-derogation-tickets-restaurant,200,2026-02-25T09:59:12.987147,,1414b33557ed602ae6743287dbcbfd68.html,text/html,utf-8,94674
17,Agriculture,https://vie-publique.fr/loi/297061-pesticides-loi-23-avril-2025-ependage-par-drones-sur-les-cultures,323,https://www.vie-publique.fr/loi/297061-pesticides-loi-23-avril-2025-ependage-par-drones-sur-les-cultures,200,2026-02-25T09:59:14.185893,,c756f35b6c79b4eba45649251d77d1cd.html,text/html,utf-8,93477
17,Santé|Solidarités,https://vie-publique.fr/loi/294423-cancer-du-sein-loi-du-5-fevrier-2025-meilleure-prise-en-charge-des-soins,300,https://www.vie-publique.fr/loi/294423-cancer-du-sein-loi-du-5-fevrier-2025-meilleure-prise-en-charge-des-soins,200,2026-02-25T09:59:14.750539,,83a83883e7b44e982f13e7ffca851a63.html,text/html,utf-8,98891
15,Économie|Finances publiques,https://vie-publique.fr/loi/281686-loi-du-14-fevrier-2022-activite-professionnelle-independante,266,https://www.vie-publique.fr/loi/281686-loi-du-14-fevrier-2022-activite-professionnelle-independante,200,2026-02-25T09:59:15.491222,,ac3e31c3b31bda79e2db088f66c8b17d.html,text/html,utf-8,100587
15,Santé|Solidarités,https://vie-publique.fr/loi/271770-loi-du-6-mars-2020-pch-acces-la-prestation-de-compensation-du-handicap,172,https://www.vie-publique.fr/loi/271770-loi-du-6-mars-2020-pch-acces-la-prestation-de-compensation-du-handicap,200,2026-02-25T09:59:16.543883,,967cf18a56fdac6ce5e4ec24ec4ca1e6.html,text/html,utf-8,90142
15,Santé|Solidarités,https://vie-publique.fr/loi/280364-loi-taquet-7-fevrier-2022-protection-des-enfants-ase,262,https://www.vie-publique.fr/loi/280364-loi-taquet-7-fevrier-2022-protection-des-enfants-ase,200,2026-02-25T09:59:17.182050,,bc04d6dd343239c7b1bffcc2d02178be.html,text/html,utf-8,105265
17,Environnement|Énergies|Transports,https://vie-publique.fr/loi/293656-pfas-polluants-eternels-loi-ecologiste-du-27-fevrier-2025,325,https://www.vie-publique.fr/loi/293656-pfas-polluants-eternels-loi-ecologiste-du-27-fevrier-2025,200,2026-02-25T09:59:17.678542,,2572a6c2eb48905c2cfaabdf6e32935d.html,text/html,utf-8,104523
17,Santé|Solidarités,https://vie-publique.fr/loi/293382-violences-securite-des-professionnels-de-sante-loi-du-9-juillet-2025,307,https://www.vie-publique.fr/loi/293382-violences-securite-des-professionnels-de-sante-loi-du-9-juillet-2025,200,2026-02-25T09:59:18.302825,,4c4481d8e874889fd7d37d9ea4ab6c49.html,text/html,utf-8,101042
15,Nouvelles technologies|Culture|Médias|Loisirs,https://vie-publique.fr/loi/281850-loi-darcos-30-decembre-2021-prix-frais-de-port-livres-librairies,250,https://www.vie-publique.fr/loi/281850-loi-darcos-30-decembre-2021-prix-frais-de-port-livres-librairies,200,2026-02-25T09:59:18.925493,,36119ac0adf2193a338a3bb79e90dfd5.html,text/html,utf-8,99089
15,Collectivités locales|Administration|Fonction publique,https://vie-publique.fr/loi/21004-competences-des-collectivites-locales-pour-la-prevention-des-inondations,3,https://www.vie-publique.fr/loi/21004-competences-des-collectivites-locales-pour-la-prevention-des-inondations,200,2026-02-25T09:59:20.012355,,afeba04519035660eaf2419e3a4c06c0.html,text/html,utf-8,94304
17,Collectivités locales|Fonction publique,https://vie-publique.fr/loi/296777-loi-durgence-pour-mayotte-24-fevrier-2025,291,https://www.vie-publique.fr/loi/296777-loi-durgence-pour-mayotte-24-fevrier-2025,200,2026-02-25T09:59:21.017262,,fdec19d207484bf75b4661df1789b20e.html,text/html,utf-8,103101
15,Économie|Finances publiques,https://vie-publique.fr/loi/20790-loi-30-octobre-2018-egalim-equilibre-relations-commerciales-agriculture,26,https://www.vie-publique.fr/loi/20790-loi-30-octobre-2018-egalim-equilibre-relations-commerciales-agriculture,200,2026-02-25T09:59:21.813627,,8a603f18ac6902a5cc98e34aa8fa93ea.html,text/html,utf-8,102061
15,Institutions|Vie citoyenne,https://vie-publique.fr/loi/275038-loi-15-janvier-2021-cese-conseil-economique-social-et-environnemental,197,https://www.vie-publique.fr/loi/275038-loi-15-janvier-2021-cese-conseil-economique-social-et-environnemental,200,2026-02-25T09:59:22.869214,,6f88fd24214f84ec4b2a64500716051e.html,text/html,utf-8,99650
15,Environnement|Énergies|Transports,https://vie-publique.fr/loi/269261-modification-missions-federations-chasseurs-renforcement-police,121,https://www.vie-publique.fr/loi/269261-modification-missions-federations-chasseurs-renforcement-police,200,2026-02-25T09:59:23.955718,,b9fbdb5ceef60716644b896e27dada0c.html,text/html,utf-8,97742
15,Emploi|Travail,https://vie-publique.fr/loi/20781-loi-29-mars-2018-ratification-ordonnances-travail-macron,31,https://www.vie-publique.fr/loi/20781-loi-29-mars-2018-ratification-ordonnances-travail-macron,200,2026-02-25T09:59:25.211541,,056d2c971285e6a3af19416ac1144754.html,text/html,utf-8,99456
16,Territoires|Logement,https://vie-publique.fr/loi/289644-prolongation-plafonnement-hausse-des-loyers-loi-7-juillet-2023,82,https://www.vie-publique.fr/loi/289644-prolongation-plafonnement-hausse-des-loyers-loi-7-juillet-2023,200,2026-02-25T09:59:26.127649,,c2cf1a65315ad1079b297beba8175ef1.html,text/html,utf-8,94105
15,Emploi|Travail,https://vie-publique.fr/loi/274423-loi-30-juillet-2020-dons-cheque-vacances-personnel-soignant-covid-19,189,https://www.vie-publique.fr/loi/274423-loi-30-juillet-2020-dons-cheque-vacances-personnel-soignant-covid-19,200,2026-02-25T09:59:27.422775,,88f42374f7b41fa2383612551973a3bb.html,text/html,utf-8,93114
15,Emploi|Travail,https://vie-publique.fr/loi/20777-loi-15-septembre-2017-dhabilitation-ordonnances-travail-macron,8,https://www.vie-publique.fr/loi/20777-loi-15-septembre-2017-dhabilitation-ordonnances-travail-macron,200,2026-02-25T09:59:29.224040,,63194fbc592cb99f6f51a0f5e94ae53f.html,text/html,utf-8,98926
16,Collectivités locales|Administration|Fonction publique,https://vie-publique.fr/loi/288650-loi-20-juillet-2023-accompagnement-elus-contre-artificialisation-sols,53,https://www.vie-publique.fr/loi/288650-loi-20-juillet-2023-accompagnement-elus-contre-artificialisation-sols,200,2026-02-25T09:59:29.874491,,2061b20b30f388b9de5873099c42dfaf.html,text/html,utf-8,98831
17,Sécurité|Justice,https://vie-publique.fr/loi/297985-loi-consentement-definition-penale-du-viol-6-novembre-2025,288,https://www.vie-publique.fr/loi/297985-loi-consentement-definition-penale-du-viol-6-novembre-2025,200,2026-02-25T09:59:30.552553,,e349d3767be12d32e41b8eefad25e7e5.html,text/html,utf-8,102097
17,Élections|Vie citoyenne,https://vie-publique.fr/loi/297853-reforme-droit-de-vote-par-correspondance-des-detenus-loi-18-juillet-2025,279,https://www.vie-publique.fr/loi/297853-reforme-droit-de-vote-par-correspondance-des-detenus-loi-18-juillet-2025,200,2026-02-25T09:59:31.269265,,e276d81a8693cc483bac8424bd08e457.html,text/html,utf-8,98293
15,Santé|Solidarités,https://vie-publique.fr/loi/277465-loi-rist-26-avril-2021-ameliorer-le-systeme-de-sante-par-la-confiance,217,https://www.vie-publique.fr/loi/277465-loi-rist-26-avril-2021-ameliorer-le-systeme-de-sante-par-la-confiance,200,2026-02-25T09:59:32.601551,,558f2089e43e2841924f721b96630c5b.html,text/html,utf-8,102125
15,Sécurité|Justice,https://vie-publique.fr/loi/279661-loi-30-juillet-2021-prevention-terrorisme-et-renseignement,206,https://www.vie-publique.fr/loi/279661-loi-30-juillet-2021-prevention-terrorisme-et-renseignement,200,2026-02-25T09:59:33.288589,,964143afcfde20bbd81e30ddc68c5200.html,text/html,utf-8,104908
15,Collectivités locales|Administration|Fonction publique,https://vie-publique.fr/loi/279395-loi-17-juin-2021-ratification-ordonnances-formation-des-elus-locaux,214,https://www.vie-publique.fr/loi/279395-loi-17-juin-2021-ratification-ordonnances-formation-des-elus-locaux,200,2026-02-25T09:59:34.622362,,f33db2716c240b1b2bc4d154f2cdcded.html,text/html,utf-8,99912
15,Économie|Finances publiques,https://vie-publique.fr/loi/20783-loi-de-finances-rectificative-pour-2017-collectif-budgetaire-taxe-sur,5,https://www.vie-publique.fr/loi/20783-loi-de-finances-rectificative-pour-2017-collectif-budgetaire-taxe-sur,200,2026-02-25T09:59:35.765514,,f79a2199f5c0af0e81f384418d678081.html,text/html,utf-8,94870
17,Enseignement supérieur|Culture,https://vie-publique.fr/loi/297444-lutte-contre-lantisemitisme-enseignement-superieur-loi-31-juillet-2025,332,https://www.vie-publique.fr/loi/297444-lutte-contre-lantisemitisme-enseignement-superieur-loi-31-juillet-2025,200,2026-02-25T09:59:36.331612,,f2e08a8cfca6523af25bc34ae8e36435.html,text/html,utf-8,105247
15,Collectivités locales|Administration|Fonction publique,https://vie-publique.fr/loi/269272-loi-organique-modification-du-statut-dautonomie-de-la-polynesie-francai,107,https://www.vie-publique.fr/loi/269272-loi-organique-modification-du-statut-dautonomie-de-la-polynesie-francai,200,2026-02-25T09:59:37.409456,,e930734499469beb9e10b919498ba7a1.html,text/html,utf-8,95854
15,Santé|Solidarités,https://vie-publique.fr/loi/20782-loi-de-financement-de-la-securite-sociale-pour-2018-plfss,4,https://www.vie-publique.fr/loi/20782-loi-de-financement-de-la-securite-sociale-pour-2018-plfss,200,2026-02-25T09:59:38.451927,,73ef5c22bacbbc8a98d9b112fffd1909.html,text/html,utf-8,101761
17,Environnement|Énergies|Transports,https://vie-publique.fr/loi/297888-loi-du-14-avril-2025-saint-avold-conversion-des-centrales-charbon,326,https://www.vie-publique.fr/loi/297888-loi-du-14-avril-2025-saint-avold-conversion-des-centrales-charbon,200,2026-02-25T09:59:39.690284,,37e78f28de6cce29958130e07a4e8b9c.html,text/html,utf-8,97993
15,Économie|Finances publiques,https://vie-publique.fr/loi/20784-loi-de-finances-rectificative-pour-2017,6,https://www.vie-publique.fr/loi/20784-loi-de-finances-rectificative-pour-2017,200,2026-02-25T09:59:40.794231,,b8a594c53ae3964164a20e611c268a73.html,text/html,utf-8,94622
17,Sécurité|Justice,https://vie-publique.fr/loi/297834-avortement-rehabiliter-femmes-condamnees-avant-1975-proposition-de-loi,289,https://www.vie-publique.fr/loi/297834-avortement-rehabiliter-femmes-condamnees-avant-1975-proposition-de-loi,200,2026-02-25T09:59:41.815816,,7ca63a3082156423f88efa0986717368.html,text/html,utf-8,103147
16,Administration|Fonction publique,https://vie-publique.fr/loi/287649-loi-16-decembre-2022-cdisation-des-aesh-et-assistants-deducation-aed,101,https://www.vie-publique.fr/loi/287649-loi-16-decembre-2022-cdisation-des-aesh-et-assistants-deducation-aed,200,2026-02-25T09:59:42.994206,,6bdb5a4ddfec9083d9590408dd23f249.html,text/html,utf-8,94428
17,Logement,https://vie-publique.fr/loi/298613-simplification-droit-de-lurbanisme-et-du-logement-loi-26-novembre-2025,330,https://www.vie-publique.fr/loi/298613-simplification-droit-de-lurbanisme-et-du-logement-loi-26-novembre-2025,200,2026-02-25T09:59:43.562988,,4fac7b4df4dc522599cc65b52691ae8e.html,text/html,utf-8,106006
15,Collectivités locales|Administration|Fonction publique,https://vie-publique.fr/loi/24180-loi-du-6-aout-2019-transformation-fonction-publique,110,https://www.vie-publique.fr/loi/24180-loi-du-6-aout-2019-transformation-fonction-publique,200,2026-02-25T09:59:44.499392,,3c2360a611be90b11627f5c2f06e3423.html,text/html,utf-8,101947
15,Économie|Finances publiques,https://vie-publique.fr/loi/274508-loi-du-30-juillet-2020-de-finances-rectificative-3e-budget-rectificatif,184,https://www.vie-publique.fr/loi/274508-loi-du-30-juillet-2020-de-finances-rectificative-3e-budget-rectificatif,200,2026-02-25T09:59:45.587351,,1bb32adae754f04640d2b92e8877317d.html,text/html,utf-8,101123
17,UE|International,https://vie-publique.fr/loi/297835-accord-cadre-privileges-et-immunites-nations-unies-loi-du-23-mai-2025,335,https://www.vie-publique.fr/loi/297835-accord-cadre-privileges-et-immunites-nations-unies-loi-du-23-mai-2025,200,2026-02-25T09:59:46.092236,,c851e2f0768cb91048ac04e2b78c963c.html,text/html,utf-8,102596
15,Économie|Finances publiques,https://vie-publique.fr/loi/20779-budget-projet-de-loi-de-finances-pour-2018,7,https://www.vie-publique.fr/loi/20779-budget-projet-de-loi-de-finances-pour-2018,200,2026-02-25T09:59:47.152182,,3711ef6df7a9e3ae214e3fd8bd511ef1.html,text/html,utf-8,101047
15,Institutions|Vie citoyenne,https://vie-publique.fr/loi/277250-loi-extension-delais-elections-municipales-partielles,164,https://www.vie-publique.fr/loi/277250-loi-extension-delais-elections-municipales-partielles,200,2026-02-25T09:59:48.276604,,30da79d6d96b8a4f55bd66eeb3795a4c.html,text/html,utf-8,95336
15,Économie|Finances publiques,https://vie-publique.fr/loi/281041-loi-6-decembre-2021-haut-conseil-des-finances-publiques-hcfp,229,https://www.vie-publique.fr/loi/281041-loi-6-decembre-2021-haut-conseil-des-finances-publiques-hcfp,200,2026-02-25T09:59:49.402218,,191b2657200c1b25d5cd3e85100dba12.html,text/html,utf-8,94541
16,Santé|Solidarités,https://vie-publique.fr/loi/286458-loi-23-decembre-2022-financement-securite-sociale-2023-budget-secu-plfss,100,https://www.vie-publique.fr/loi/286458-loi-23-decembre-2022-financement-securite-sociale-2023-budget-secu-plfss,200,2026-02-25T09:59:50.597319,,3620872000e0c412574fb0f9caa0423c.html,text/html,utf-8,110120
16,Économie|Finances publiques,https://vie-publique.fr/loi/285614-loi-finances-rectificative-aout-2022-budget-rectificatif-pouvoir-dachat,93,https://www.vie-publique.fr/loi/285614-loi-finances-rectificative-aout-2022-budget-rectificatif-pouvoir-dachat,200,2026-02-25T09:59:51.733008,,16a10a72df4b46a5e0b4f080d1684ac5.html,text/html,utf-8,104716
15,Économie|Finances publiques,https://vie-publique.fr/loi/281557-loi-de-finances-pour-2022-budget-2022,232,https://www.vie-publique.fr/loi/281557-loi-de-finances-pour-2022-budget-2022,200,2026-02-25T09:59:52.494128,,c3387a600af4ac90764407993eeeeb80.html,text/html,utf-8,108253
16,Collectivités locales|Administration,https://vie-publique.fr/loi/294158-loi-du-13-juin-2024-dematerialisation-etat-civil-affaires-etrangeres,144,https://www.vie-publique.fr/loi/294158-loi-du-13-juin-2024-dematerialisation-etat-civil-affaires-etrangeres,200,2026-02-25T09:59:53.574743,,00ccdc0b373aafb41554435274e4cf45.html,text/html,utf-8,99038
15,Nouvelles technologies – Culture|Médias|Loisirs,https://vie-publique.fr/loi/268070-loi-avia-lutte-contre-les-contenus-haineux-sur-internet,194,https://www.vie-publique.fr/loi/268070-loi-avia-lutte-contre-les-contenus-haineux-sur-internet,200,2026-02-25T09:59:54.223411,,91f83a04c1bee648292aeb235c784de9.html,text/html,utf-8,94224
15,UE|Défense|International,https://vie-publique.fr/loi/20804-loi-19-janvier-2019-brexit-habilitation-ordonnances-preparation-brexit,130,https://www.vie-publique.fr/loi/20804-loi-19-janvier-2019-brexit-habilitation-ordonnances-preparation-brexit,200,2026-02-25T09:59:55.391941,,5b86385875c38ffc9f799992fdf93031.html,text/html,utf-8,102970
16,Sécurité|Justice,https://vie-publique.fr/loi/284424-loi-24-janvier-2023-securite-lopmi-programmation-ministere-interieur,44,https://www.vie-publique.fr/loi/284424-loi-24-janvier-2023-securite-lopmi-programmation-ministere-interieur,200,2026-02-25T09:59:55.890180,,70b42e80ddc10ce4e920458f9be2c8c8.html,text/html,utf-8,109745
15,Collectivités locales|Administration|Fonction publique,https://vie-publique.fr/loi/270745-loi-sur-les-communes-nouvelles-du-1er-aout-2019,108,https://www.vie-publique.fr/loi/270745-loi-sur-les-communes-nouvelles-du-1er-aout-2019,200,2026-02-25T09:59:57.001347,,45996af69dfbb471acf32e255f55bb29.html,text/html,utf-8,91923
16,UE|Défense,https://vie-publique.fr/loi/287296-loi-dadue-du-9-mars-2023-dispositions-dadaptation-au-droit-de-lue,90,https://www.vie-publique.fr/loi/287296-loi-dadue-du-9-mars-2023-dispositions-dadaptation-au-droit-de-lue,200,2026-02-25T09:59:57.678637,,34d37157141085486d232d563be1024e.html,text/html,utf-8,101674
16,Nouvelles technologies|Culture|Médias,https://vie-publique.fr/loi/288274-majorite-numerique-15-ans-reseaux-sociaux-loi-7-juillet-2023,87,https://www.vie-publique.fr/loi/288274-majorite-numerique-15-ans-reseaux-sociaux-loi-7-juillet-2023,200,2026-02-25T09:59:58.183417,,52e2d92222b9b0866510cbc3274580f3.html,text/html,utf-8,105475
15,Sécurité|Justice,https://vie-publique.fr/loi/280089-loi-matras-25-novembre-2021-securite-civile-sapeurs-pompiers,208,https://www.vie-publique.fr/loi/280089-loi-matras-25-novembre-2021-securite-civile-sapeurs-pompiers,200,2026-02-25T09:59:58.830191,,81f0cc4da09e4720067c1df128822a80.html,text/html,utf-8,100198
16,Environnement|Énergies|Transports,https://vie-publique.fr/loi/291544-loi-ouverture-la-concurrence-du-reseau-de-bus-francilien-de-la-ratp,79,https://www.vie-publique.fr/loi/291544-loi-ouverture-la-concurrence-du-reseau-de-bus-francilien-de-la-ratp,200,2026-02-25T09:59:59.887996,,196398b2453fb4823235202153df34e3.html,text/html,utf-8,94236
15,Collectivités locales|Administration|Fonction publique,https://vie-publique.fr/loi/278328-loi-service-public-deau-potable-guadeloupe,213,https://www.vie-publique.fr/loi/278328-loi-service-public-deau-potable-guadeloupe,200,2026-02-25T10:00:00.891835,,7f4e8601eae01b16c06a1bfb1e66bf7e.html,text/html,utf-8,93099
15,Environnement|Énergies|Transports,https://vie-publique.fr/loi/20793-pour-un-nouveau-pacte-ferroviaire-loi-dhabilitation-ordonnances-de-re,33,https://www.vie-publique.fr/loi/20793-pour-un-nouveau-pacte-ferroviaire-loi-dhabilitation-ordonnances-de-re,200,2026-02-25T10:00:01.867549,,4501527ec009ed344176b895719c199b.html,text/html,utf-8,97012
15,Santé|Solidarités,https://vie-publique.fr/loi/281047-lois-14-mars-2022-sur-lois-de-financement-securite-sociale-lfss,265,https://www.vie-publique.fr/loi/281047-lois-14-mars-2022-sur-lois-de-financement-securite-sociale-lfss,200,2026-02-25T10:00:02.956125,,2b341d30ef65a047ae6cef8795d476cc.html,text/html,utf-8,103554
17,Enseignement supérieur|Culture,https://vie-publique.fr/loi/298198-loi-16-juillet-2025-restitution-tambour-parleur-la-cote-divoire,331,https://www.vie-publique.fr/loi/298198-loi-16-juillet-2025-restitution-tambour-parleur-la-cote-divoire,200,2026-02-25T10:00:03.535576,,26823decbc5618ee57623640bd4f2173.html,text/html,utf-8,95042
16,Économie|Finances publiques,https://vie-publique.fr/loi/286978-loi-1er-decembre-2022-de-finances-rectificative-budget-rectificatif,95,https://www.vie-publique.fr/loi/286978-loi-1er-decembre-2022-de-finances-rectificative-budget-rectificatif,200,2026-02-25T10:00:04.617139,,8aba60550abf898422cebcabbac0bcab.html,text/html,utf-8,99177
15,Institutions|Vie citoyenne,https://vie-publique.fr/loi/277851-loi-organique-29-mars-2021-mesures-election-president-de-la-republique,199,https://www.vie-publique.fr/loi/277851-loi-organique-29-mars-2021-mesures-election-president-de-la-republique,200,2026-02-25T10:00:05.780261,,ea74abefbb5b2a40ea20a348888c6165.html,text/html,utf-8,102950
17,Agriculture,https://vie-publique.fr/loi/293758-loi-du-14-mars-2025-proliferation-du-frelon-asiatique-filiere-apicole,320,https://www.vie-publique.fr/loi/293758-loi-du-14-mars-2025-proliferation-du-frelon-asiatique-filiere-apicole,200,2026-02-25T10:00:07.303496,,a7996fa77d67279c678f9a4dc1c59ea4.html,text/html,utf-8,98631
15,Institutions|Vie citoyenne,https://vie-publique.fr/loi/21018-parlementaires-dans-certains-organismes-exterieurs-au-parlement,12,https://www.vie-publique.fr/loi/21018-parlementaires-dans-certains-organismes-exterieurs-au-parlement,200,2026-02-25T10:00:08.701763,,bc309a3426d7b9b1e7f9ada4dab18c7b.html,text/html,utf-8,92996
17,Agriculture,https://vie-publique.fr/loi/297758-relation-commerciale-secteur-agroalimentaire-loi-travert-14-avril-2025,322,https://www.vie-publique.fr/loi/297758-relation-commerciale-secteur-agroalimentaire-loi-travert-14-avril-2025,200,2026-02-25T10:00:09.289657,,8018e7fba78ed6535781f4bea7e9ed4b.html,text/html,utf-8,95193
15,Nouvelles technologies|Culture|Médias|Loisirs,https://vie-publique.fr/loi/278249-loi-2021-lutte-contre-la-maltraitance-animale,248,https://www.vie-publique.fr/loi/278249-loi-2021-lutte-contre-la-maltraitance-animale,200,2026-02-25T10:00:09.772527,,73ca7833ecd3eb43ef9662c8f043e4e9.html,text/html,utf-8,101702
15,Collectivités locales|Administration|Fonction publique,https://vie-publique.fr/loi/20795-loi-19-avril-2018-consultation-accession-souverainete-nouvelle-caledonie,18,https://www.vie-publique.fr/loi/20795-loi-19-avril-2018-consultation-accession-souverainete-nouvelle-caledonie,200,2026-02-25T10:00:14.417153,,d4d67f33199ca81db07eefd81fa0a609.html,text/html,utf-8,96296
16,Économie|Finances publiques,https://vie-publique.fr/loi/286456-loi-programmation-des-finances-publiques-lpfp-2023-2027,68,https://www.vie-publique.fr/loi/286456-loi-programmation-des-finances-publiques-lpfp-2023-2027,200,2026-02-25T10:00:15.185388,,bdb10e959feb5a8b1046d84e7748d070.html,text/html,utf-8,107028
17,Élections|Vie citoyenne,https://vie-publique.fr/loi/295837-loi-du-14-fevrier-2025-election-du-maire-commune-nouvelle,276,https://www.vie-publique.fr/loi/295837-loi-du-14-fevrier-2025-election-du-maire-commune-nouvelle,200,2026-02-25T10:00:18.535876,,43d8785476a8cb448dfa0e4d900fce31.html,text/html,utf-8,94396
15,Éducation|Recherche,https://vie-publique.fr/loi/275347-loi-de-programmation-de-la-recherche-2021-2030-lppr,193,https://www.vie-publique.fr/loi/275347-loi-de-programmation-de-la-recherche-2021-2030-lppr,200,2026-02-25T10:00:19.062758,,4fe69324bfafd2f0a8ac7cfd4e89243a.html,text/html,utf-8,104864
15,Santé|Solidarités,https://vie-publique.fr/loi/276586-loi-2-mars-2022-renforcer-droit-avortement-delai-porte-14-semaines,264,https://www.vie-publique.fr/loi/276586-loi-2-mars-2022-renforcer-droit-avortement-delai-porte-14-semaines,200,2026-02-25T10:00:19.688413,,616e7f53f2a2a8f650f62f7b6258f102.html,text/html,utf-8,99675
15,Sécurité|Justice,https://vie-publique.fr/loi/273943-loi-organique-30-mars-2020-urgence-faire-face-lepidemie-de-covid-19,166,https://www.vie-publique.fr/loi/273943-loi-organique-30-mars-2020-urgence-faire-face-lepidemie-de-covid-19,200,2026-02-25T10:00:21.761291,,b3178fa29760d41bc6e4142b2f1a44c5.html,text/html,utf-8,96431
16,Environnement|Énergies|Transports,https://vie-publique.fr/loi/288132-edf-loi-du-11-avril-2024-visant-proteger-le-groupe-dun-demembrement,150,https://www.vie-publique.fr/loi/288132-edf-loi-du-11-avril-2024-visant-proteger-le-groupe-dun-demembrement,200,2026-02-25T10:00:23.709716,,bf2ea7b04629c7f586db822c911d3487.html,text/html,utf-8,96229
17,UE|International,https://vie-publique.fr/loi/294850-loi-23-juin-2025-ratification-resolution-prevention-pollution-des-mers,337,https://www.vie-publique.fr/loi/294850-loi-23-juin-2025-ratification-resolution-prevention-pollution-des-mers,200,2026-02-25T10:00:24.750499,,23451dd60fd8dc0e345485cf1427658e.html,text/html,utf-8,99027
17,Travail,https://vie-publique.fr/loi/298480-pma-et-adoption-discrimination-au-travail-loi-thevenot-du-30-juin-2025,317,https://www.vie-publique.fr/loi/298480-pma-et-adoption-discrimination-au-travail-loi-thevenot-du-30-juin-2025,200,2026-02-25T10:00:25.295681,,feeeec50dedffcd7198e15f415048fd3.html,text/html,utf-8,95081
15,Économie|Finances publiques,https://vie-publique.fr/loi/269300-loi-22-mai-2019-pacte-croissance-et-transformation-des-entreprises,117,https://www.vie-publique.fr/loi/269300-loi-22-mai-2019-pacte-croissance-et-transformation-des-entreprises,200,2026-02-25T10:00:25.892981,,e15c4a92ec7d8469dcb715ee24128163.html,text/html,utf-8,103234
16,Économie|Finances publiques,https://vie-publique.fr/loi/285608-loi-pouvoir-dachat-16-aout-2022,94,https://www.vie-publique.fr/loi/285608-loi-pouvoir-dachat-16-aout-2022,200,2026-02-25T10:00:26.678541,,56e17647fcdec2f56e4f3942b040292d.html,text/html,utf-8,112632
17,Santé|Solidarités,https://vie-publique.fr/loi/288037-hopitaux-loi-du-29-janvier-2025-nombre-minimum-de-soignants-par-patient,299,https://www.vie-publique.fr/loi/288037-hopitaux-loi-du-29-janvier-2025-nombre-minimum-de-soignants-par-patient,200,2026-02-25T10:00:27.450417,,33c8a6403f6c118d9dc7404bfdcef402.html,text/html,utf-8,95130
15,Collectivités locales|Administration|Fonction publique,https://vie-publique.fr/loi/279177-loi-17-decembr-2021-conge-specifique-maladie-chronique-ou-cancer-enfant,215,https://www.vie-publique.fr/loi/279177-loi-17-decembr-2021-conge-specifique-maladie-chronique-ou-cancer-enfant,200,2026-02-25T10:00:30.874867,,51c3094721605d44f545caae177c9152.html,text/html,utf-8,96271
16,Nouvelles technologies|Loisirs|Sport,https://vie-publique.fr/loi/288483-loi-droit-limage-des-enfants-sur-internet,155,https://www.vie-publique.fr/loi/288483-loi-droit-limage-des-enfants-sur-internet,200,2026-02-25T10:00:31.457961,,ef23ff798a9c73669f22b25ae97c2c0d.html,text/html,utf-8,101299
15,Sécurité|Justice,https://vie-publique.fr/loi/21006-application-du-regime-dasile-europeen-procedure-dublin,13,https://www.vie-publique.fr/loi/21006-application-du-regime-dasile-europeen-procedure-dublin,200,2026-02-25T10:00:33.491186,,3c5a2087ec513f5074798055381e01cf.html,text/html,utf-8,94024
15,Santé|Solidarités,https://vie-publique.fr/loi/273942-loi-durgence-pour-faire-face-lepidemie-de-covid-19,173,https://www.vie-publique.fr/loi/273942-loi-durgence-pour-faire-face-lepidemie-de-covid-19,200,2026-02-25T10:00:34.456136,,276a070b6c3780abe795c8750a2a2e4b.html,text/html,utf-8,104776
17,Sécurité|Justice,https://vie-publique.fr/loi/292845-creation-dun-homicide-routier-securite-routiere-loi-du-9-juillet-2025,286,https://www.vie-publique.fr/loi/292845-creation-dun-homicide-routier-securite-routiere-loi-du-9-juillet-2025,200,2026-02-25T10:00:34.972386,,8e327225449f7403568173894408951e.html,text/html,utf-8,103931
15,Nouvelles technologies – Culture|Médias|Loisirs,https://vie-publique.fr/loi/273385-loi-19-octobre-2020-travail-enfants-youtubeurs-influenceurs-sur-internet,195,https://www.vie-publique.fr/loi/273385-loi-19-octobre-2020-travail-enfants-youtubeurs-influenceurs-sur-internet,200,2026-02-25T10:00:35.492004,,b3733fe5679b4a8c13e8f6312091a064.html,text/html,utf-8,94691
17,Collectivités locales|Fonction publique,https://vie-publique.fr/loi/300484-loi-competences-eau-et-assainissement-communes-2025,293,https://www.vie-publique.fr/loi/300484-loi-competences-eau-et-assainissement-communes-2025,200,2026-02-25T10:00:36.097515,,c259e0c2d8c2bdfaa3c6928c545206c7.html,text/html,utf-8,103742
15,Économie|Finances publiques,https://vie-publique.fr/loi/281020-loi-28-decembre-2021-lolf-modernisation-gestion-des-finances-publiques,231,https://www.vie-publique.fr/loi/281020-loi-28-decembre-2021-lolf-modernisation-gestion-des-finances-publiques,200,2026-02-25T10:00:36.610376,,8868b49e6df33544598f8ee62cbe101f.html,text/html,utf-8,105453
15,Sécurité|Justice,https://vie-publique.fr/loi/277621-loi-separatisme-respect-des-principes-de-la-republique-24-aout-2021,207,https://www.vie-publique.fr/loi/277621-loi-separatisme-respect-des-principes-de-la-republique-24-aout-2021,200,2026-02-25T10:00:37.129988,,17b1cfa9a75406d7cad8339abf76e6ad.html,text/html,utf-8,112485
16,Sécurité|Justice,https://vie-publique.fr/loi/287993-loi-immigration-integration-asile-du-26-janvier-2024,133,https://www.vie-publique.fr/loi/287993-loi-immigration-integration-asile-du-26-janvier-2024,200,2026-02-25T10:00:37.659917,,7e245aac127737ee30a98e22df230bf9.html,text/html,utf-8,107261
16,Collectivités locales|Administration,https://vie-publique.fr/loi/293045-regions-mise-disposition-des-routes-loi-du-22-mars-2024,142,https://www.vie-publique.fr/loi/293045-regions-mise-disposition-des-routes-loi-du-22-mars-2024,200,2026-02-25T10:00:38.278990,,e5a6988773a23a76deccfcc3e43832d0.html,text/html,utf-8,94243
16,Santé|Solidarités,https://vie-publique.fr/loi/288203-acces-aux-soins-loi-rist-du-19-mai-2023,59,https://www.vie-publique.fr/loi/288203-acces-aux-soins-loi-rist-du-19-mai-2023,200,2026-02-25T10:00:38.802255,,a52717922d6e89334ff24b6b0c4cd9b6.html,text/html,utf-8,103373
15,Sécurité|Justice,https://vie-publique.fr/loi/278212-loi-21-avril-2021-violences-sexuelles-sur-mineurs-et-inceste,203,https://www.vie-publique.fr/loi/278212-loi-21-avril-2021-violences-sexuelles-sur-mineurs-et-inceste,200,2026-02-25T10:00:39.343150,,a60f3f3e5c9e5d5aaefc331872e85ea4.html,text/html,utf-8,99578
15,Environnement|Énergies|Transports,https://vie-publique.fr/loi/282223-loi-regulation-environnementale-du-numerique-par-larcep,240,https://www.vie-publique.fr/loi/282223-loi-regulation-environnementale-du-numerique-par-larcep,200,2026-02-25T10:00:40.584286,,15c274f9c1fa4ff4fec449d87e10f586.html,text/html,utf-8,96770
16,Santé|Solidarités,https://vie-publique.fr/loi/287381-encadrement-centres-dentaires-et-ophtalmo-loi-19-mai-2023,58,https://www.vie-publique.fr/loi/287381-encadrement-centres-dentaires-et-ophtalmo-loi-19-mai-2023,200,2026-02-25T10:00:41.144558,,0fcd80312ccc951f99a89d261462e52e.html,text/html,utf-8,101584
17,Agriculture,https://vie-publique.fr/loi/297070-loi-duplomp-agriculture-pesticides-bassines-11-aout-2025,324,https://www.vie-publique.fr/loi/297070-loi-duplomp-agriculture-pesticides-bassines-11-aout-2025,200,2026-02-25T10:00:41.833267,,43a0723921547cd3e88c338631a146e0.html,text/html,utf-8,111703
15,Santé|Solidarités,https://vie-publique.fr/loi/268696-projet-de-loi-organisation-et-la-transformation-du-systeme-de-sante,115,https://www.vie-publique.fr/loi/268696-projet-de-loi-organisation-et-la-transformation-du-systeme-de-sante,200,2026-02-25T10:00:43.078791,,169fa0ac1b3eba572b394449a3f683f4.html,text/html,utf-8,100509
16,Santé|Solidarités,https://vie-publique.fr/loi/291928-loi-du-8-avril-2024-bien-vieillir-grand-age-et-autonomie-ehpad,146,https://www.vie-publique.fr/loi/291928-loi-du-8-avril-2024-bien-vieillir-grand-age-et-autonomie-ehpad,200,2026-02-25T10:00:43.611499,,c3e9f8f39942bafe1b3f6ae2a1382179.html,text/html,utf-8,104813
16,Sécurité|Justice,https://vie-publique.fr/loi/285972-loi-16-aout-2022-retrait-contenus-terroristes-sur-internet-dans-lheure,92,https://www.vie-publique.fr/loi/285972-loi-16-aout-2022-retrait-contenus-terroristes-sur-internet-dans-lheure,200,2026-02-25T10:00:45.006645,,ed56c75a049bb6e0092ba6fb29a32de4.html,text/html,utf-8,105819
16,Nouvelles technologies|Culture|Médias,https://vie-publique.fr/loi/289101-restitution-des-bien-culturels-spolies-1933-1945-loi-22-juillet-2023,88,https://www.vie-publique.fr/loi/289101-restitution-des-bien-culturels-spolies-1933-1945-loi-22-juillet-2023,200,2026-02-25T10:00:46.489695,,1f80b6ddc44776603de6218996c1dab8.html,text/html,utf-8,98881
15,Nouvelles technologies|Culture|Médias|Loisirs,https://vie-publique.fr/loi/282626-loi-3-mars-2022-cyberscore-securite-des-plateformes-numeriques,274,https://www.vie-publique.fr/loi/282626-loi-3-mars-2022-cyberscore-securite-des-plateformes-numeriques,200,2026-02-25T10:00:47.805157,,7c792e877b3e6979a5b7da60beb5a3ed.html,text/html,utf-8,96665
15,Économie|Finances publiques,https://vie-publique.fr/loi/20807-loi-de-finances-rectificative-pour-2018-collectif-budgetaire,27,https://www.vie-publique.fr/loi/20807-loi-de-finances-rectificative-pour-2018-collectif-budgetaire,200,2026-02-25T10:00:48.917312,,fa502d6b7aac015b6c4e9c2f915e45e8.html,text/html,utf-8,96819
16,Économie|Finances publiques,https://vie-publique.fr/loi/289323-loi-industrie-verte-du-23-octobre-2023,65,https://www.vie-publique.fr/loi/289323-loi-industrie-verte-du-23-octobre-2023,200,2026-02-25T10:00:49.956718,,bdff94221b9c1aa22d75880916ef0873.html,text/html,utf-8,105187
16,Éducation,https://vie-publique.fr/loi/294687-loi-du-2-avril-2024-perenniser-les-jardins-denfants,153,https://www.vie-publique.fr/loi/294687-loi-du-2-avril-2024-perenniser-les-jardins-denfants,200,2026-02-25T10:00:50.433471,,a873775f165977f156ee27a1d9837040.html,text/html,utf-8,94943
16,Économie|Finances publiques,https://vie-publique.fr/loi/291190-loi-du-29-decembre-2023-de-finances-pour-2024-budget-plf,69,https://www.vie-publique.fr/loi/291190-loi-du-29-decembre-2023-de-finances-pour-2024-budget-plf,200,2026-02-25T10:00:51.764356,,c3a038fea9f0e28bee54f8efa265cf95.html,text/html,utf-8,117981
15,Sécurité|Justice,https://vie-publique.fr/loi/21028-harmonisation-de-lutilisation-des-cameras-mobiles-par-les-autorites-de,14,https://www.vie-publique.fr/loi/21028-harmonisation-de-lutilisation-des-cameras-mobiles-par-les-autorites-de,200,2026-02-25T10:00:52.878671,,be04081818b712135fcadcc2d794b07d.html,text/html,utf-8,90130
15,Territoires|Logement,https://vie-publique.fr/loi/21033-loi-22-juillet-2019-agence-nationale-de-la-cohesion-des-territoires-anct,124,https://www.vie-publique.fr/loi/21033-loi-22-juillet-2019-agence-nationale-de-la-cohesion-des-territoires-anct,200,2026-02-25T10:00:53.894259,,63c071fb82833c1de38487ec259ec8be.html,text/html,utf-8,94015
16,Santé|Solidarités,https://vie-publique.fr/loi/288404-parents-denfants-gravement-malades-ou-handicapes-loi-du-19-juillet-2023,61,https://www.vie-publique.fr/loi/288404-parents-denfants-gravement-malades-ou-handicapes-loi-du-19-juillet-2023,200,2026-02-25T10:00:54.391086,,4ea4a11b5792a68b8692b6f98a68c92a.html,text/html,utf-8,96287
15,Sécurité|Justice,https://vie-publique.fr/loi/21027-lutte-contre-les-rodeos-motorises-proposition-de-loi,15,https://www.vie-publique.fr/loi/21027-lutte-contre-les-rodeos-motorises-proposition-de-loi,200,2026-02-25T10:00:55.636735,,0d238ecf77a1e3caa2f9278d311e815f.html,text/html,utf-8,88871
15,Sécurité|Justice,https://vie-publique.fr/loi/282491-loi-organique-21-mars-2022-defenseur-des-droits-lanceurs-dalerte,258,https://www.vie-publique.fr/loi/282491-loi-organique-21-mars-2022-defenseur-des-droits-lanceurs-dalerte,200,2026-02-25T10:00:57.086086,,0c3d9b43817050fc895f8b87bd7857f8.html,text/html,utf-8,101457
15,Sécurité|Justice,https://vie-publique.fr/loi/20792-loi-10-septemmbre-2018-immigration-droit-dasile-et-integration,17,https://www.vie-publique.fr/loi/20792-loi-10-septemmbre-2018-immigration-droit-dasile-et-integration,200,2026-02-25T10:00:58.581185,,f39962795ec8760bef14e6eff09caf67.html,text/html,utf-8,99077
16,UE|International,https://vie-publique.fr/loi/294702-loi-du-5-avril-2024-commission-evaluation-aide-publique-au-developpement,158,https://www.vie-publique.fr/loi/294702-loi-du-5-avril-2024-commission-evaluation-aide-publique-au-developpement,200,2026-02-25T10:01:00.149541,,151b75085f5262055538e10a532f099c.html,text/html,utf-8,94091
15,Sécurité|Justice,https://vie-publique.fr/loi/278807-loi-8-avril-2021-recours-droit-au-respect-dignite-en-detention,202,https://www.vie-publique.fr/loi/278807-loi-8-avril-2021-recours-droit-au-respect-dignite-en-detention,200,2026-02-25T10:01:01.474959,,5bd6e686b3312cd8080dd72469833f4b.html,text/html,utf-8,96431
16,Territoires|Logement,https://vie-publique.fr/loi/287344-loi-anti-squat-occupation-illicite-des-logements-expulsion,83,https://www.vie-publique.fr/loi/287344-loi-anti-squat-occupation-illicite-des-logements-expulsion,200,2026-02-25T10:01:02.437960,,153760f1f1b28a3ff8c37cb1e226c507.html,text/html,utf-8,101953
16,Sécurité|Justice,https://vie-publique.fr/loi/291820-loi-du-10-mai-2024-renforcer-la-lutte-contre-les-derives-sectaires,136,https://www.vie-publique.fr/loi/291820-loi-du-10-mai-2024-renforcer-la-lutte-contre-les-derives-sectaires,200,2026-02-25T10:01:03.133298,,27b711d05f433d16c931350b511b235f.html,text/html,utf-8,111133
15,Institutions|Vie citoyenne,https://vie-publique.fr/loi/269285-loi-entree-selon-deputes-europeens-elus-en-france-avant-brexit,102,https://www.vie-publique.fr/loi/269285-loi-entree-selon-deputes-europeens-elus-en-france-avant-brexit,200,2026-02-25T10:01:04.346287,,c2bdee96e7c893c046c756dae997c3d3.html,text/html,utf-8,93772
15,Santé|Solidarités,https://vie-publique.fr/loi/280798-loi-5-aout-2021-vaccination-obligatoire-pass-sanitaire-crise-covid-19,221,https://www.vie-publique.fr/loi/280798-loi-5-aout-2021-vaccination-obligatoire-pass-sanitaire-crise-covid-19,200,2026-02-25T10:01:04.942758,,3cd40d578844eafbe8d0ece209d50f6b.html,text/html,utf-8,107944
15,Économie|Finances publiques,https://vie-publique.fr/loi/270746-loi-du-28-decembre-2019-de-finances-pour-2020-budget-2020,120,https://www.vie-publique.fr/loi/270746-loi-du-28-decembre-2019-de-finances-pour-2020-budget-2020,200,2026-02-25T10:01:06.016973,,dd0a25c875bd682253f0ccd4d7ee1e9a.html,text/html,utf-8,104839
15,Nouvelles technologies|Culture|Médias|Loisirs,https://vie-publique.fr/loi/279107-loi-2-mars-2022-democratiser-le-sport-en-france,272,https://www.vie-publique.fr/loi/279107-loi-2-mars-2022-democratiser-le-sport-en-france,200,2026-02-25T10:01:07.199493,,ad0310f97301f6e0e8102bd6433db59f.html,text/html,utf-8,99561
16,Santé|Solidarités,https://vie-publique.fr/loi/291211-plfss-2024-loi-de-financement-de-la-securite-sociale,62,https://www.vie-publique.fr/loi/291211-plfss-2024-loi-de-financement-de-la-securite-sociale,200,2026-02-25T10:01:08.358593,,061e5e8eb605eb72310aa1ea6b6fd5cd.html,text/html,utf-8,110642
16,Institutions|Vie citoyenne,https://vie-publique.fr/loi/294668-loi-du-15-avril-2024-report-elections-provinciales-nouvelle-caledonie,132,https://www.vie-publique.fr/loi/294668-loi-du-15-avril-2024-report-elections-provinciales-nouvelle-caledonie,200,2026-02-25T10:01:09.564444,,10cf1555c8fdc94142577e1584daba4d.html,text/html,utf-8,98933
16,Collectivités locales|Administration|Fonction publique,https://vie-publique.fr/loi/287166-soutien-protection-elus-victimes-dagression-loi-du-24-janvier-2023,50,https://www.vie-publique.fr/loi/287166-soutien-protection-elus-victimes-dagression-loi-du-24-janvier-2023,200,2026-02-25T10:01:10.628105,,5c23bda7b325d71f6c53123f46e87e9c.html,text/html,utf-8,98777
15,UE|Défense|International,https://vie-publique.fr/loi/280917-loi-17-dec-2021-ratification-reforme-mecanisme-europeen-de-stabilite,252,https://www.vie-publique.fr/loi/280917-loi-17-dec-2021-ratification-reforme-mecanisme-europeen-de-stabilite,200,2026-02-25T10:01:11.842158,,d9efb86f20a9c9389bf01002ed736ed7.html,text/html,utf-8,96832
15,Collectivités locales|Administration|Fonction publique,https://vie-publique.fr/loi/21003-loi-10-aout-2018-essoc-pour-etat-au-service-dune-societe-de-confiance,20,https://www.vie-publique.fr/loi/21003-loi-10-aout-2018-essoc-pour-etat-au-service-dune-societe-de-confiance,200,2026-02-25T10:01:13.223365,,46a2e1d2c832e51faa184e6fbebff290.html,text/html,utf-8,95770
17,Santé|Solidarités,https://vie-publique.fr/loi/297628-loi-du-27-juin-2025-sur-la-profession-dinfirmier,305,https://www.vie-publique.fr/loi/297628-loi-du-27-juin-2025-sur-la-profession-dinfirmier,200,2026-02-25T10:01:14.421149,,907ac30c9f4380dd6b06c6913f6d8ff1.html,text/html,utf-8,104064
15,Santé|Solidarités,https://vie-publique.fr/loi/269311-reconnaissance-des-proches-aidants-proposition-de-loi,113,https://www.vie-publique.fr/loi/269311-reconnaissance-des-proches-aidants-proposition-de-loi,200,2026-02-25T10:01:15.918350,,5c5101f5b4211b48e71957939415c442.html,text/html,utf-8,87322
15,Territoires|Logement,https://vie-publique.fr/loi/20797-loi-elan-portant-evolution-du-logement-de-lamenagement-et-du-numerique,34,https://www.vie-publique.fr/loi/20797-loi-elan-portant-evolution-du-logement-de-lamenagement-et-du-numerique,200,2026-02-25T10:01:17.235792,,97e4f766bc2f95234e7628203a3a3997.html,text/html,utf-8,104589
16,Collectivités locales|Administration|Fonction publique,https://vie-publique.fr/loi/288919-parite-dans-la-haute-fonction-publique-femmes-loi-du-19-juillet-2023,52,https://www.vie-publique.fr/loi/288919-parite-dans-la-haute-fonction-publique-femmes-loi-du-19-juillet-2023,200,2026-02-25T10:01:18.312527,,2e501860208e6a68fcaf8d55f5acc0f6.html,text/html,utf-8,101978
15,Nouvelles technologies – Culture|Médias|Loisirs,https://vie-publique.fr/loi/20787-loi-20-juin-2018-protection-des-donnees-personnelles-cnil-rgpd,40,https://www.vie-publique.fr/loi/20787-loi-20-juin-2018-protection-des-donnees-personnelles-cnil-rgpd,200,2026-02-25T10:01:19.707091,,c934ceaabd7a662c10b11c015c555d57.html,text/html,utf-8,99961
15,Éducation|Recherche,https://vie-publique.fr/loi/278926-loi-rilhac-creant-la-fonction-statut-de-directeur-decole,244,https://www.vie-publique.fr/loi/278926-loi-rilhac-creant-la-fonction-statut-de-directeur-decole,200,2026-02-25T10:01:20.498381,,156003152d08ea0d12e18cce4f1359fa.html,text/html,utf-8,96004
16,Environnement|Énergies|Transports,https://vie-publique.fr/loi/290687-loi-serm-rer-services-express-regionaux-metropolitains,80,https://www.vie-publique.fr/loi/290687-loi-serm-rer-services-express-regionaux-metropolitains,200,2026-02-25T10:01:21.646670,,7494f50129857f5d30542a8bcb2f14ed.html,text/html,utf-8,100891
15,Santé|Solidarités,https://vie-publique.fr/loi/276818-loi-14-novembre-2020-prolongation-etat-urgence-sanitaire-16-fevrier-2021,179,https://www.vie-publique.fr/loi/276818-loi-14-novembre-2020-prolongation-etat-urgence-sanitaire-16-fevrier-2021,200,2026-02-25T10:01:22.691512,,a7afde04feebf97a6f1165e604c764b8.html,text/html,utf-8,103056
16,Collectivités locales|Administration,https://vie-publique.fr/loi/294681-loi-29-mars-2024-renovation-batiments-scolaires-par-les-collectivites,143,https://www.vie-publique.fr/loi/294681-loi-29-mars-2024-renovation-batiments-scolaires-par-les-collectivites,200,2026-02-25T10:01:23.904232,,b76b29676e61a978af35e8a473b03fa4.html,text/html,utf-8,96369
15,Emploi|Travail,https://vie-publique.fr/loi/275990-loi-14-decembre-2020-extension-experimentation-territoire-zero-chomeur,190,https://www.vie-publique.fr/loi/275990-loi-14-decembre-2020-extension-experimentation-territoire-zero-chomeur,200,2026-02-25T10:01:24.960988,,afd4a2720f7d124ca2c2990c39218c4b.html,text/html,utf-8,104938
16,Économie|Finances publiques,https://vie-publique.fr/loi/291192-loi-du-17-novembre-2023-negociations-commerciales-prix-alimentaires,66,https://www.vie-publique.fr/loi/291192-loi-du-17-novembre-2023-negociations-commerciales-prix-alimentaires,200,2026-02-25T10:01:26.068044,,7c9efc95b570fc42590e0dfa8c9a6c8d.html,text/html,utf-8,96741
16,Santé|Solidarités,https://vie-publique.fr/loi/289899-loi-valletoux-acces-aux-soins-deserts-medicaux,63,https://www.vie-publique.fr/loi/289899-loi-valletoux-acces-aux-soins-deserts-medicaux,200,2026-02-25T10:01:27.513158,,8193a914ed60c872cfbdee78636eced0.html,text/html,utf-8,102627
15,Institutions|Vie citoyenne,https://vie-publique.fr/loi/277501-loi-repartition-des-conseillers-de-lassemblee-de-guyane,163,https://www.vie-publique.fr/loi/277501-loi-repartition-des-conseillers-de-lassemblee-de-guyane,200,2026-02-25T10:01:28.714250,,2416ff72d8d7276afc5f74680d76ca21.html,text/html,utf-8,92599
16,Économie|Finances publiques,https://vie-publique.fr/loi/286445-loi-de-finances-2023-plf-budget-2023,96,https://www.vie-publique.fr/loi/286445-loi-de-finances-2023-plf-budget-2023,200,2026-02-25T10:01:29.978802,,490fc791c38346b1099913502edebfe7.html,text/html,utf-8,109993
15,Institutions|Vie citoyenne,https://vie-publique.fr/loi/274392-loi-securiser-le-second-tour-des-municipales-procurations,160,https://www.vie-publique.fr/loi/274392-loi-securiser-le-second-tour-des-municipales-procurations,200,2026-02-25T10:01:31.176506,,10eff058e826f03a8f4ae981327ae223.html,text/html,utf-8,98031
15,Santé|Solidarités,https://vie-publique.fr/loi/269355-loi-resiliation-sans-frais-de-contrats-de-complementaire-sante,114,https://www.vie-publique.fr/loi/269355-loi-resiliation-sans-frais-de-contrats-de-complementaire-sante,200,2026-02-25T10:01:32.317056,,7f759e0460eb9b07d62ac5c93f4eb51c.html,text/html,utf-8,89044
15,Économie|Finances publiques,https://vie-publique.fr/loi/20796-loi-du-23-octobre-2018-lutte-contre-la-fraude,25,https://www.vie-publique.fr/loi/20796-loi-du-23-octobre-2018-lutte-contre-la-fraude,200,2026-02-25T10:01:33.349729,,0fecfa8d000b0b708c0cdb83cc6c0422.html,text/html,utf-8,92337
15,Sécurité|Justice,https://vie-publique.fr/loi/273012-loi-parquet-europeen-et-justice-penale-environnementale,170,https://www.vie-publique.fr/loi/273012-loi-parquet-europeen-et-justice-penale-environnementale,200,2026-02-25T10:01:34.659193,,3cb364f275fcb6549bd514645d333400.html,text/html,utf-8,98071
15,Économie|Finances publiques,https://vie-publique.fr/loi/20780-programmation-des-finances-publiques-pour-les-annees-2018-2022,23,https://www.vie-publique.fr/loi/20780-programmation-des-finances-publiques-pour-les-annees-2018-2022,200,2026-02-25T10:01:35.795566,,d88c027b20678457865b64011a106614.html,text/html,utf-8,98261
15,Santé|Solidarités,https://vie-publique.fr/loi/269358-statut-de-citoyen-sauveteur-lutte-contre-arret-cardiaque,176,https://www.vie-publique.fr/loi/269358-statut-de-citoyen-sauveteur-lutte-contre-arret-cardiaque,200,2026-02-25T10:01:36.922118,,16b5d3e96ed72729da7b18933d8ade4b.html,text/html,utf-8,91615
17,Économie|Finances publiques,https://vie-publique.fr/loi/295632-budget-2025-loi-du-14-fevrier-2025-de-finances-pour-2025,309,https://www.vie-publique.fr/loi/295632-budget-2025-loi-du-14-fevrier-2025-de-finances-pour-2025,200,2026-02-25T10:01:37.421434,,d4f39327ce8fc12b211efe3730a073d5.html,text/html,utf-8,110324
15,Économie|Finances publiques,https://vie-publique.fr/loi/21022-proposition-de-loi-relative-la-protection-du-secret-des-affaires,24,https://www.vie-publique.fr/loi/21022-proposition-de-loi-relative-la-protection-du-secret-des-affaires,200,2026-02-25T10:01:38.485657,,0a00477f1e27d4c4c4943afcf23da5ac.html,text/html,utf-8,91841
17,Santé|Solidarités,https://vie-publique.fr/loi/300445-loi-de-financement-de-la-securite-sociale-2026-retraites-lfss,308,https://www.vie-publique.fr/loi/300445-loi-de-financement-de-la-securite-sociale-2026-retraites-lfss,200,2026-02-25T10:01:39.792203,,4fd26fcca15e0b36531c1502cb35b0f1.html,text/html,utf-8,115431
15,Économie|Finances publiques,https://vie-publique.fr/loi/20803-projet-de-loi-de-finances-pour-2019-budget-2019,29,https://www.vie-publique.fr/loi/20803-projet-de-loi-de-finances-pour-2019-budget-2019,200,2026-02-25T10:01:40.899243,,d18917a53d764963697b7a573ed4b9da.html,text/html,utf-8,103753
15,Territoires|Logement,https://vie-publique.fr/loi/21007-loi-visant-faciliter-la-sortie-de-lindivision-successorale-en-outre-m,35,https://www.vie-publique.fr/loi/21007-loi-visant-faciliter-la-sortie-de-lindivision-successorale-en-outre-m,200,2026-02-25T10:01:41.602416,,8b9b3ab78233a96f32c9e463558bbf3e.html,text/html,utf-8,90777
16,Sécurité|Justice,https://vie-publique.fr/loi/289260-statut-de-la-magistrature-loi-organique-du-20-novembre-2023,49,https://www.vie-publique.fr/loi/289260-statut-de-la-magistrature-loi-organique-du-20-novembre-2023,200,2026-02-25T10:01:42.707396,,ba269561f7b85022da1572cc231342e0.html,text/html,utf-8,108347
16,Environnement|Énergies|Transports,https://vie-publique.fr/loi/288247-financement-renovation-energetique-batiments-publics-loi-du-30-mars-2023,74,https://www.vie-publique.fr/loi/288247-financement-renovation-energetique-batiments-publics-loi-du-30-mars-2023,200,2026-02-25T10:01:43.140367,,d03bcd9fbb55755f8f47849b62717d10.html,text/html,utf-8,95674
17,Agriculture,https://vie-publique.fr/loi/296975-chambres-agriculture-msa-democratie-agricole-proposition-de-loi,319,https://www.vie-publique.fr/loi/296975-chambres-agriculture-msa-democratie-agricole-proposition-de-loi,200,2026-02-25T10:01:44.213853,,7d3f562150ff2646084ba719beae3b17.html,text/html,utf-8,94731
16,Collectivités locales|Administration|Fonction publique,https://vie-publique.fr/loi/288746-loi-26-juin-2023-representation-communes-conseils-communautaires-parite,51,https://www.vie-publique.fr/loi/288746-loi-26-juin-2023-representation-communes-conseils-communautaires-parite,200,2026-02-25T10:01:45.509103,,34bb3609f04a8066e2d76088a4730897.html,text/html,utf-8,96080
16,UE|Défense,https://vie-publique.fr/loi/288878-loi-du-1er-aout-2023-programmation-militaire-2024-2030-lpm,91,https://www.vie-publique.fr/loi/288878-loi-du-1er-aout-2023-programmation-militaire-2024-2030-lpm,200,2026-02-25T10:01:46.089978,,fd20ad8397f86e1fba87fc4fed825daf.html,text/html,utf-8,106751
16,Santé|Solidarités,https://vie-publique.fr/loi/292357-liberte-recours-ivg-dans-la-constitution-avortement-loi-du-8-mars-2024,145,https://www.vie-publique.fr/loi/292357-liberte-recours-ivg-dans-la-constitution-avortement-loi-du-8-mars-2024,200,2026-02-25T10:01:47.229849,,f786253a6eb5f87bec0bfc81996a3e5a.html,text/html,utf-8,108495
15,Santé|Solidarités,https://vie-publique.fr/loi/274230-loi-du-11-mai-2020-prolongation-etat-durgence-sanitaire,174,https://www.vie-publique.fr/loi/274230-loi-du-11-mai-2020-prolongation-etat-durgence-sanitaire,200,2026-02-25T10:01:48.294080,,375b97808eedd8af371014b15ef8f87a.html,text/html,utf-8,109909
16,Nouvelles technologies|Loisirs|Sport,https://vie-publique.fr/loi/293058-loi-du-8-mars-2024-violences-sexuelles-dans-le-sport-protection-mineurs,156,https://www.vie-publique.fr/loi/293058-loi-du-8-mars-2024-violences-sexuelles-dans-le-sport-protection-mineurs,200,2026-02-25T10:01:49.402392,,7755126f83b6c7eec9c1486374992aa0.html,text/html,utf-8,99803
16,Santé|Solidarités,https://vie-publique.fr/loi/292855-loi-15-avril-2024-soutenir-lengagement-benevole-et-vie-associative,147,https://www.vie-publique.fr/loi/292855-loi-15-avril-2024-soutenir-lengagement-benevole-et-vie-associative,200,2026-02-25T10:01:50.484550,,83b90a14b4f5e734a035faae591fda71.html,text/html,utf-8,100070
17,Collectivités locales|Fonction publique,https://vie-publique.fr/loi/298241-mayotte-loi-pour-la-refondation-departement-region-de-mayotte,296,https://www.vie-publique.fr/loi/298241-mayotte-loi-pour-la-refondation-departement-region-de-mayotte,200,2026-02-25T10:01:51.052412,,66cab8ff7639f325aca837ff0f0b69cd.html,text/html,utf-8,110509
15,Collectivités locales|Administration|Fonction publique,https://vie-publique.fr/loi/268695-projet-de-loi-relatif-competences-de-la-collectivite-europeenne-dalsace,109,https://www.vie-publique.fr/loi/268695-projet-de-loi-relatif-competences-de-la-collectivite-europeenne-dalsace,200,2026-02-25T10:01:52.361525,,41f12ec2f81ff44420c65eb4c59fef29.html,text/html,utf-8,95119
16,Économie,https://vie-publique.fr/loi/293872-loi-du-13-juin-2024-attractivite-financiere-entreprises-en-bourse,148,https://www.vie-publique.fr/loi/293872-loi-du-13-juin-2024-attractivite-financiere-entreprises-en-bourse,200,2026-02-25T10:01:53.511723,,e53d904b2051016124af7cbe6c0b58b7.html,text/html,utf-8,98132
15,Territoires|Logement,https://vie-publique.fr/loi/278224-loi-29-janvier-2021-protection-patrimoine-sensoriel-campagnes-francaises,242,https://www.vie-publique.fr/loi/278224-loi-29-janvier-2021-protection-patrimoine-sensoriel-campagnes-francaises,200,2026-02-25T10:01:54.483723,,51bfd2e83db2d7e6eb1371bd9504f232.html,text/html,utf-8,91693
15,Éducation|Recherche,https://vie-publique.fr/loi/269264-loi-ecole-de-la-confiance-du-26-juillet-2019-loi-blanquer,126,https://www.vie-publique.fr/loi/269264-loi-ecole-de-la-confiance-du-26-juillet-2019-loi-blanquer,200,2026-02-25T10:01:55.542358,,f697476dc1bcc902becf949e2138f22d.html,text/html,utf-8,103159
15,Sécurité|Justice,https://vie-publique.fr/loi/279466-loi-organique-confiance-dans-linstitution-judiciaire-magistrats,211,https://www.vie-publique.fr/loi/279466-loi-organique-confiance-dans-linstitution-judiciaire-magistrats,200,2026-02-25T10:01:56.571722,,0a8fb0acf091f5707f3057f1e38f76dd.html,text/html,utf-8,95263
16,Sécurité|Justice,https://vie-publique.fr/loi/288160-loi-du-18-mars-2024-violences-intrafamiliales-inceste-autorite-parentale,134,https://www.vie-publique.fr/loi/288160-loi-du-18-mars-2024-violences-intrafamiliales-inceste-autorite-parentale,200,2026-02-25T10:01:57.089467,,6d8b0d26a3a081c3de4c5da138d53902.html,text/html,utf-8,105123
17,Sécurité|Justice,https://vie-publique.fr/loi/297230-loi-du-13-juin-2025-visant-sortir-la-france-du-piege-du-narcotrafic,283,https://www.vie-publique.fr/loi/297230-loi-du-13-juin-2025-visant-sortir-la-france-du-piege-du-narcotrafic,200,2026-02-25T10:01:57.570096,,af6116124a5343ecdb04e7041f57cb8f.html,text/html,utf-8,111384
17,Collectivités locales|Fonction publique,https://vie-publique.fr/loi/298627-maitres-ecoles-wallis-futuna-loi-integration-fonction-publique,294,https://www.vie-publique.fr/loi/298627-maitres-ecoles-wallis-futuna-loi-integration-fonction-publique,200,2026-02-25T10:01:58.788038,,c7f8badb428ec2555d4796fcd501fe12.html,text/html,utf-8,96378
15,Nouvelles technologies|Culture|Médias|Loisirs,https://vie-publique.fr/loi/279380-loi-lutte-contre-le-piratage-audiovisuel,247,https://www.vie-publique.fr/loi/279380-loi-lutte-contre-le-piratage-audiovisuel,200,2026-02-25T10:01:59.933498,,d756b89b01a2be935044c6223f51652c.html,text/html,utf-8,102994
15,Nouvelles technologies|Culture|Médias|Loisirs,https://vie-publique.fr/loi/282265-loi-restitution-spoliation-nazies-klimt-collection-dorville,271,https://www.vie-publique.fr/loi/282265-loi-restitution-spoliation-nazies-klimt-collection-dorville,200,2026-02-25T10:02:01.088512,,ba732d517accb046e928fd6c8c18e91c.html,text/html,utf-8,99966
16,Collectivités locales|Administration|Fonction publique,https://vie-publique.fr/loi/290308-reconstruction-suite-aux-emeutes-violences-urbaines-loi-25-juillet-2023,54,https://www.vie-publique.fr/loi/290308-reconstruction-suite-aux-emeutes-violences-urbaines-loi-25-juillet-2023,200,2026-02-25T10:02:02.305765,,b249a28dbd85f6aa7edaed58b2190286.html,text/html,utf-8,99540
16,Collectivités locales|Administration|Fonction publique,https://vie-publique.fr/loi/289937-loi-du-30-decembre-2023-revaloriser-les-secretaires-de-mairie,55,https://www.vie-publique.fr/loi/289937-loi-du-30-decembre-2023-revaloriser-les-secretaires-de-mairie,200,2026-02-25T10:02:03.453341,,657350ca3ae5dca636b9bf69b2556e8b.html,text/html,utf-8,94843
16,Collectivités locales|Administration,https://vie-publique.fr/loi/292918-violences-contre-elus-locaux-protection-des-maires-loi-du-21-mars-2024,141,https://www.vie-publique.fr/loi/292918-violences-contre-elus-locaux-protection-des-maires-loi-du-21-mars-2024,200,2026-02-25T10:02:04.778568,,8aebd2f6f23df0099438e6c7ea5d2721.html,text/html,utf-8,103599
15,Santé|Solidarités,https://vie-publique.fr/loi/281341-loi-du-11-septembre-2021prorogation-outre-mer-etat-durgence-sanitaire,222,https://www.vie-publique.fr/loi/281341-loi-du-11-septembre-2021prorogation-outre-mer-etat-durgence-sanitaire,200,2026-02-25T10:02:06.106151,,34c529b601d103f27fa226bed9e3c99f.html,text/html,utf-8,96035
15,Santé|Solidarités,https://vie-publique.fr/loi/281904-loi-prolongation-pass-sanitaire-2022-vigilance-sanitaire,223,https://www.vie-publique.fr/loi/281904-loi-prolongation-pass-sanitaire-2022-vigilance-sanitaire,200,2026-02-25T10:02:07.215759,,a6e08ac78827b2cab1771fadc9e1e613.html,text/html,utf-8,105948
15,Économie|Finances publiques,https://vie-publique.fr/loi/276603-loi-ddadue-2020-adaptation-au-droit-ue-economie-et-finance,186,https://www.vie-publique.fr/loi/276603-loi-ddadue-2020-adaptation-au-droit-ue-economie-et-finance,200,2026-02-25T10:02:08.335762,,172af30fc3e854e0908ed3961a2dfd47.html,text/html,utf-8,104309
16,Emploi|Travail,https://vie-publique.fr/loi/289541-loi-du-29-novembre-2023-partage-valeur-en-entreprise-transposition-ani,70,https://www.vie-publique.fr/loi/289541-loi-du-29-novembre-2023-partage-valeur-en-entreprise-transposition-ani,200,2026-02-25T10:02:09.468421,,24180e2dc54139ebc6f10fd7086787bc.html,text/html,utf-8,103173
16,Environnement|Énergies|Transports,https://vie-publique.fr/loi/286979-acceleration-du-nucleaire-loi-du-22-juin-2023-epr2,76,https://www.vie-publique.fr/loi/286979-acceleration-du-nucleaire-loi-du-22-juin-2023-epr2,200,2026-02-25T10:02:10.819397,,96a8aece1b98a9add11e20d7ffe78a7f.html,text/html,utf-8,112438
16,Emploi|Travail,https://vie-publique.fr/loi/286195-reforme-de-lassurance-chomage-et-de-la-vae-loi-du-21-decembre-2022,98,https://www.vie-publique.fr/loi/286195-reforme-de-lassurance-chomage-et-de-la-vae-loi-du-21-decembre-2022,200,2026-02-25T10:02:12.055354,,f4f6c5e4607296e8382c6d2f86ea6aec.html,text/html,utf-8,104947
15,Institutions|Vie citoyenne,https://vie-publique.fr/loi/275039-loi-organique-prolongation-mandat-des-membres-du-cese,162,https://www.vie-publique.fr/loi/275039-loi-organique-prolongation-mandat-des-membres-du-cese,200,2026-02-25T10:02:13.181302,,0b2f3f2c83d2cf177de472a7e7817bad.html,text/html,utf-8,93466
17,Sécurité|Justice,https://vie-publique.fr/loi/298827-elever-alfred-dreyfus-grade-general-de-brigade-loi-attal,290,https://www.vie-publique.fr/loi/298827-elever-alfred-dreyfus-grade-general-de-brigade-loi-attal,200,2026-02-25T10:02:14.236488,,9ca54bc68ba92c53609caf4ace517494.html,text/html,utf-8,93716
15,Emploi|Travail,https://vie-publique.fr/loi/278583-loi-2-aout-2021-transposition-de-lani-sante-au-travail,233,https://www.vie-publique.fr/loi/278583-loi-2-aout-2021-transposition-de-lani-sante-au-travail,200,2026-02-25T10:02:15.334995,,712057299b7557cb4e542bbc497c0c0e.html,text/html,utf-8,100063
15,Économie|Finances publiques,https://vie-publique.fr/loi/282248-loi-1er-decembre-2021-finances-rectificative-second-budget-rectificatif,228,https://www.vie-publique.fr/loi/282248-loi-1er-decembre-2021-finances-rectificative-second-budget-rectificatif,200,2026-02-25T10:02:16.389105,,d3c401210e7d5385df028f1f8e89b7d7.html,text/html,utf-8,99317
16,Sécurité|Justice,https://vie-publique.fr/loi/292732-loi-du-31-mai-2024-justice-patrimoniale-en-cas-de-violences-conjugales,137,https://www.vie-publique.fr/loi/292732-loi-du-31-mai-2024-justice-patrimoniale-en-cas-de-violences-conjugales,200,2026-02-25T10:02:17.502346,,71ae2fe510e24bbaaacccd697ac2db61.html,text/html,utf-8,96317
15,Environnement|Énergies|Transports,https://vie-publique.fr/loi/20809-loi-du-24-decembre-2019-dorientation-des-mobilites-lom,123,https://www.vie-publique.fr/loi/20809-loi-du-24-decembre-2019-dorientation-des-mobilites-lom,200,2026-02-25T10:02:18.497258,,0025ecd29169381fe66aebfa8f1d225a.html,text/html,utf-8,103632
16,Sécurité|Justice,https://vie-publique.fr/loi/293849-loi-warsmann-24-juin-2024-saisie-confiscation-avoirs-criminels,139,https://www.vie-publique.fr/loi/293849-loi-warsmann-24-juin-2024-saisie-confiscation-avoirs-criminels,200,2026-02-25T10:02:19.007990,,cdc7bc0f2a7aa169afe6c74f41741ea5.html,text/html,utf-8,108965
16,Environnement|Énergies|Transports,https://vie-publique.fr/loi/291123-loi-controleurs-aeriens-declaration-individuelle-de-greve,81,https://www.vie-publique.fr/loi/291123-loi-controleurs-aeriens-declaration-individuelle-de-greve,200,2026-02-25T10:02:20.044060,,41bb5c5a8ebb6931ffd8a0e57031a43a.html,text/html,utf-8,98478
16,Environnement|Énergies|Transports,https://vie-publique.fr/loi/286391-energies-renouvelables-loi-du-10-mars-2023,73,https://www.vie-publique.fr/loi/286391-energies-renouvelables-loi-du-10-mars-2023,200,2026-02-25T10:02:20.817015,,eccb9f5821cb8cb2e7b21b368836bf73.html,text/html,utf-8,113460
15,Sécurité|Justice,https://vie-publique.fr/loi/273137-loi-du-30-juillet-2020-proteger-les-victimes-de-violences-conjugales,167,https://www.vie-publique.fr/loi/273137-loi-du-30-juillet-2020-proteger-les-victimes-de-violences-conjugales,200,2026-02-25T10:02:21.857424,,6f92055887b0c815ce2d0dffa76146f9.html,text/html,utf-8,91524
16,Nouvelles technologies|Culture|Médias,https://vie-publique.fr/loi/289831-loi-restitution-de-restes-humains-appartenant-aux-collections-publiques,89,https://www.vie-publique.fr/loi/289831-loi-restitution-de-restes-humains-appartenant-aux-collections-publiques,200,2026-02-25T10:02:22.471101,,26f87a9518b8a301304f86a7b68ec37d.html,text/html,utf-8,99453
15,UE|Défense|International,https://vie-publique.fr/loi/20813-loi-25-fevrier-2019-acte-electoral-europeen-approbation-decision-2018,131,https://www.vie-publique.fr/loi/20813-loi-25-fevrier-2019-acte-electoral-europeen-approbation-decision-2018,200,2026-02-25T10:02:23.486000,,caa667ddf830c5b8ccc39973d4c77362.html,text/html,utf-8,95999
15,Éducation|Recherche,https://vie-publique.fr/loi/21034-loi-interdiction-de-la-fessee-violences-educatives-ordinaires,125,https://www.vie-publique.fr/loi/21034-loi-interdiction-de-la-fessee-violences-educatives-ordinaires,200,2026-02-25T10:02:24.441324,,8559e7901a97b086f13a9a26826f75c1.html,text/html,utf-8,88898
15,UE|Défense|International,https://vie-publique.fr/loi/277797-loi-4-aout-2021-programmation-aide-publique-developpement-solidaire,251,https://www.vie-publique.fr/loi/277797-loi-4-aout-2021-programmation-aide-publique-developpement-solidaire,200,2026-02-25T10:02:25.462252,,61a067a60d0498d2ec8da85253c81b7a.html,text/html,utf-8,98475
15,Économie|Finances publiques,https://vie-publique.fr/loi/271656-loi-du-2-decembre-2019-de-finances-rectificative-pour-2019,119,https://www.vie-publique.fr/loi/271656-loi-du-2-decembre-2019-de-finances-rectificative-pour-2019,200,2026-02-25T10:02:26.371417,,c0205fe544fe29e538cce6ec22e4f68d.html,text/html,utf-8,93313
15,Santé|Solidarités,https://vie-publique.fr/loi/279666-loi-gestion-de-la-sortie-de-crise-sanitaire-etat-durgence-sanitaire,218,https://www.vie-publique.fr/loi/279666-loi-gestion-de-la-sortie-de-crise-sanitaire-etat-durgence-sanitaire,200,2026-02-25T10:02:27.496310,,2d47f14a35554ee954df199fe3627741.html,text/html,utf-8,104375
15,Sécurité|Justice,https://vie-publique.fr/loi/271281-proposition-de-loi-action-contre-les-violences-au-sein-de-la-famille,106,https://www.vie-publique.fr/loi/271281-proposition-de-loi-action-contre-les-violences-au-sein-de-la-famille,200,2026-02-25T10:02:28.209468,,b1e1e8bdc80504de7b22188e3cb4d83b.html,text/html,utf-8,91878
15,Économie|Finances publiques,https://vie-publique.fr/loi/273113-loi-24-juillet-2020-demarchage-telephonique-et-appels-frauduleux,183,https://www.vie-publique.fr/loi/273113-loi-24-juillet-2020-demarchage-telephonique-et-appels-frauduleux,200,2026-02-25T10:02:29.256835,,580047f1aef1044b2250a95ee5c14081.html,text/html,utf-8,91116
15,Collectivités locales|Administration|Fonction publique,https://vie-publique.fr/loi/268675-loi-du-27-decembre-2019-engagement-dans-la-vie-locale-loi-sur-les-maires,111,https://www.vie-publique.fr/loi/268675-loi-du-27-decembre-2019-engagement-dans-la-vie-locale-loi-sur-les-maires,200,2026-02-25T10:02:30.474429,,310d8a68f1ccb862fb3b3fd60067eccb.html,text/html,utf-8,104694
15,UE|Défense|International,https://vie-publique.fr/loi/282261-loi-23-fevrier-2022-reconnaissance-et-reparation-pour-les-harkis,275,https://www.vie-publique.fr/loi/282261-loi-23-fevrier-2022-reconnaissance-et-reparation-pour-les-harkis,200,2026-02-25T10:02:31.505147,,e2eb508a82ae226ebb26d4fa0e79d85e.html,text/html,utf-8,104188
15,Nouvelles technologies|Culture|Médias|Loisirs,https://vie-publique.fr/loi/281983-loi-visant-au-gel-des-matchs-de-football-le-5-mai-furiani,246,https://www.vie-publique.fr/loi/281983-loi-visant-au-gel-des-matchs-de-football-le-5-mai-furiani,200,2026-02-25T10:02:32.628629,,41af28f0bfd08b881d8314061904c0dc.html,text/html,utf-8,91083
17,UE|International,https://vie-publique.fr/loi/294602-loi-22-oct-2025-ratification-convention-oit-securite-sante-travailleurs,338,https://www.vie-publique.fr/loi/294602-loi-22-oct-2025-ratification-convention-oit-securite-sante-travailleurs,200,2026-02-25T10:02:33.633692,,bbeb826b0690b6fdadf4fa40d263b6bd.html,text/html,utf-8,94470
15,Éducation|Recherche,https://vie-publique.fr/loi/282708-loi-balanant-2-mars-2022-combattre-le-harcelement-scolaire,270,https://www.vie-publique.fr/loi/282708-loi-balanant-2-mars-2022-combattre-le-harcelement-scolaire,200,2026-02-25T10:02:34.148336,,db72d0225823987b242d6e3bdb29faa7.html,text/html,utf-8,101930
15,Environnement|Énergies|Transports,https://vie-publique.fr/loi/278056-loi-15-novembre2021-reen-reduire-empreinte-environnementale-du-numerique,239,https://www.vie-publique.fr/loi/278056-loi-15-novembre2021-reen-reduire-empreinte-environnementale-du-numerique,200,2026-02-25T10:02:35.196398,,c16915b2bed6318ba559392f7bd52b6b.html,text/html,utf-8,106050
17,Économie|Finances publiques,https://vie-publique.fr/loi/293190-frais-bancaires-de-succession-deces-loi-du-13-mai-2025,310,https://www.vie-publique.fr/loi/293190-frais-bancaires-de-succession-deces-loi-du-13-mai-2025,200,2026-02-25T10:02:36.318164,,1f239521152dcf6ea0ca71c061f07f24.html,text/html,utf-8,97335
15,Santé|Solidarités,https://vie-publique.fr/loi/270993-loi-du-24-decembre-2019-de-financement-de-la-securite-sociale-pour-2020,116,https://www.vie-publique.fr/loi/270993-loi-du-24-decembre-2019-de-financement-de-la-securite-sociale-pour-2020,200,2026-02-25T10:02:37.353586,,ef5d2a0b0b737c977492f4a97d945230.html,text/html,utf-8,105568
15,Nouvelles technologies|Culture|Médias|Loisirs,https://vie-publique.fr/loi/268665-loi-18-octobre-2019-modernisation-distribution-de-la-presse-loi-bichet,129,https://www.vie-publique.fr/loi/268665-loi-18-octobre-2019-modernisation-distribution-de-la-presse-loi-bichet,200,2026-02-25T10:02:38.359376,,857780517dd05eed2397a98054c154ab.html,text/html,utf-8,94302
15,Environnement|Énergies|Transports,https://vie-publique.fr/loi/276032-loi-14-decembre-2020-derogation-utilisation-neonicotinoides-betteraves,192,https://www.vie-publique.fr/loi/276032-loi-14-decembre-2020-derogation-utilisation-neonicotinoides-betteraves,200,2026-02-25T10:02:39.473160,,97e11f4824f766086798f113f98b0710.html,text/html,utf-8,101422
16,Éducation,https://vie-publique.fr/loi/292792-accompagnement-des-aesh-pendant-la-pause-dejeuner-loi-du-27-mai-2024,154,https://www.vie-publique.fr/loi/292792-accompagnement-des-aesh-pendant-la-pause-dejeuner-loi-du-27-mai-2024,200,2026-02-25T10:02:40.508448,,1aedbdfcd24741d480daaed86822913a.html,text/html,utf-8,93371
16,Sécurité|Justice,https://vie-publique.fr/loi/292141-loi-15-avril-2024-troubles-de-voisinage-conflits-la-campagne,135,https://www.vie-publique.fr/loi/292141-loi-15-avril-2024-troubles-de-voisinage-conflits-la-campagne,200,2026-02-25T10:02:40.981880,,d17987a5ab888d1a2db748be541185d2.html,text/html,utf-8,95883
16,Nouvelles technologies|Loisirs|Sport,https://vie-publique.fr/loi/289345-loi-sren-du-21-mai-2024-securiser-et-reguler-lespace-numerique,157,https://www.vie-publique.fr/loi/289345-loi-sren-du-21-mai-2024-securiser-et-reguler-lespace-numerique,200,2026-02-25T10:02:41.471765,,c09b6115d6f970755467220e00367d11.html,text/html,utf-8,114703
17,Sécurité|Justice,https://vie-publique.fr/loi/297231-parquet-national-anti-criminalite-organisee-narcotrafic-loi-organique,284,https://www.vie-publique.fr/loi/297231-parquet-national-anti-criminalite-organisee-narcotrafic-loi-organique,200,2026-02-25T10:02:42.003299,,9d9aa4e57aee17b2d2ec76903031f587.html,text/html,utf-8,96119
15,Sécurité|Justice,https://vie-publique.fr/loi/283482-loi-2-mars-2022-simplification-changement-de-nom-dusage-et-de-famille,256,https://www.vie-publique.fr/loi/283482-loi-2-mars-2022-simplification-changement-de-nom-dusage-et-de-famille,200,2026-02-25T10:02:42.473938,,88b5168f2e26adf7421d716546588d78.html,text/html,utf-8,97538
15,Sécurité|Justice,https://vie-publique.fr/loi/279445-loi-confiance-dans-linstitution-judiciaire-reforme-dupond-moretti,210,https://www.vie-publique.fr/loi/279445-loi-confiance-dans-linstitution-judiciaire-reforme-dupond-moretti,200,2026-02-25T10:02:42.975822,,a2ff4d76dd5d53b1c20f47e75c97ed91.html,text/html,utf-8,109305
15,Sécurité|Justice,https://vie-publique.fr/loi/274754-loi-mesures-de-surete-contre-les-auteurs-dinfractions-terroristes,168,https://www.vie-publique.fr/loi/274754-loi-mesures-de-surete-contre-les-auteurs-dinfractions-terroristes,200,2026-02-25T10:02:44.098891,,a33a356811a3838fcf6b8fd5f9c97cfa.html,text/html,utf-8,100324
17,Économie|Finances publiques,https://vie-publique.fr/loi/300664-loi-du-6-novembre-2025-renforcer-la-lutte-contre-la-fraude-bancaire,313,https://www.vie-publique.fr/loi/300664-loi-du-6-novembre-2025-renforcer-la-lutte-contre-la-fraude-bancaire,200,2026-02-25T10:02:45.224340,,e4717b98ee94d16171e291da48026159.html,text/html,utf-8,93597
15,Collectivités locales|Administration|Fonction publique,https://vie-publique.fr/loi/273138-loi-asap-7-decembre-2020-acceleration-et-simplification-action-publique,171,https://www.vie-publique.fr/loi/273138-loi-asap-7-decembre-2020-acceleration-et-simplification-action-publique,200,2026-02-25T10:02:46.343107,,dc419008e98d5d4adfbd08f568a09577.html,text/html,utf-8,108656
15,Santé|Solidarités,https://vie-publique.fr/loi/269371-loi-1er-juillet-2021-en-faveur-de-lengagement-associatif,219,https://www.vie-publique.fr/loi/269371-loi-1er-juillet-2021-en-faveur-de-lengagement-associatif,200,2026-02-25T10:02:47.319059,,f7031aa346d6f72c01ac92dd1e4da5c9.html,text/html,utf-8,90045
15,Emploi|Travail,https://vie-publique.fr/loi/273136-proposition-de-loi-modalites-de-conge-de-deuil-pour-le-deces-dun-enfant,188,https://www.vie-publique.fr/loi/273136-proposition-de-loi-modalites-de-conge-de-deuil-pour-le-deces-dun-enfant,200,2026-02-25T10:02:48.379507,,781aec4615da7130525cc106a413983d.html,text/html,utf-8,94440
15,Emploi|Travail,https://vie-publique.fr/loi/277434-loi-15-novembre-2021-conge-presence-parentale-enfant-malade,234,https://www.vie-publique.fr/loi/277434-loi-15-novembre-2021-conge-presence-parentale-enfant-malade,200,2026-02-25T10:02:49.402955,,887094b8bbe8c0ea373b84fd468a8bc3.html,text/html,utf-8,92666
17,Environnement|Énergies|Transports,https://vie-publique.fr/loi/293022-securite-dans-les-transports-loi-tabarot-du-28-avril-2025,327,https://www.vie-publique.fr/loi/293022-securite-dans-les-transports-loi-tabarot-du-28-avril-2025,200,2026-02-25T10:02:49.882024,,e77b995dc1fd4bad6bad4ea69cf9f8ce.html,text/html,utf-8,106325
15,Nouvelles technologies|Culture|Médias|Loisirs,https://vie-publique.fr/loi/273465-loi-habilitation-ordonnance-adaptation-code-mondial-antidopage,245,https://www.vie-publique.fr/loi/273465-loi-habilitation-ordonnance-adaptation-code-mondial-antidopage,200,2026-02-25T10:02:50.379062,,a0fb80319873ee05a47b4b64b863fd3d.html,text/html,utf-8,95428
17,Économie|Finances publiques,https://vie-publique.fr/loi/301464-loi-speciale-du-26-decembre-2025-projet-de-loi-de-finances-2026,315,https://www.vie-publique.fr/loi/301464-loi-speciale-du-26-decembre-2025-projet-de-loi-de-finances-2026,200,2026-02-25T10:02:51.451702,,e0155f429c488d3c945727533b01e5ad.html,text/html,utf-8,98758
15,Emploi|Travail,https://vie-publique.fr/loi/279177-loi-17-decembr-2021-conge-specifique-maladie-chronique-ou-cancer-enfant,235,https://www.vie-publique.fr/loi/279177-loi-17-decembr-2021-conge-specifique-maladie-chronique-ou-cancer-enfant,200,2026-02-25T10:02:51.984503,,51c3094721605d44f545caae177c9152.html,text/html,utf-8,96271
15,Environnement|Énergies|Transports,https://vie-publique.fr/loi/279472-loi-ddadue-2021-adapation-droit-ue-transports-environnement-finances,238,https://www.vie-publique.fr/loi/279472-loi-ddadue-2021-adapation-droit-ue-transports-environnement-finances,200,2026-02-25T10:02:52.477407,,35e72b81630732acfe091548d9aa4e28.html,text/html,utf-8,102839
17,Élections|Vie citoyenne,https://vie-publique.fr/loi/297678-scrutin-liste-elections-municipales-parite-loi-organique-21-mai-2025,278,https://www.vie-publique.fr/loi/297678-scrutin-liste-elections-municipales-parite-loi-organique-21-mai-2025,200,2026-02-25T10:02:52.903217,,d26d4b3fbb29be034c2e3fc27c514501.html,text/html,utf-8,99890
17,Économie|Finances publiques,https://vie-publique.fr/loi/298841-loi-midy-du-3-novembre-2025-tva-auto-entrepreneurs-abrogation-reforme,312,https://www.vie-publique.fr/loi/298841-loi-midy-du-3-novembre-2025-tva-auto-entrepreneurs-abrogation-reforme,200,2026-02-25T10:02:53.806522,,dbbc8994a1ab93ac8d18ddc4e6a6e3c6.html,text/html,utf-8,94268
15,Environnement|Énergies|Transports,https://vie-publique.fr/loi/278335-loi-28-decembre-2021-reforme-indemnisation-catastrophe-naturelle-catnat,241,https://www.vie-publique.fr/loi/278335-loi-28-decembre-2021-reforme-indemnisation-catastrophe-naturelle-catnat,200,2026-02-25T10:02:54.846119,,55d4d7694848345387f7348c97f82413.html,text/html,utf-8,103580
17,Collectivités locales|Fonction publique,https://vie-publique.fr/loi/299337-protection-sociale-complementaire-agents-territoriaux-loi-du-22-12-2025,298,https://www.vie-publique.fr/loi/299337-protection-sociale-complementaire-agents-territoriaux-loi-du-22-12-2025,200,2026-02-25T10:02:55.839777,,979a61a1813b0f6c5623292ab0302545.html,text/html,utf-8,95538
